1A,Sov Mil Order of Malta,246,EU,15,28,41.90,-12.43,-1.0,1A;
1S,Spratly Islands,247,AS,26,50,9.88,-114.23,-8.0,1S 9M0 BM9S BN9S BO9S BP9S BQ9S BU9S BV9S BW9S BX9S =DX0P;
3A,Monaco,260,EU,14,27,43.73,-7.40,-1.0,3A;
3B6,Agalega & St. Brandon,4,AF,39,53,-10.45,-56.67,-4.0,3B6 3B7;
3B8,Mauritius,165,AF,39,53,-20.35,-57.50,-4.0,3B8;
3B9,Rodriguez Island,207,AF,39,53,-19.70,-63.42,-4.0,3B9;
3C,Equatorial Guinea,49,AF,36,47,1.70,-10.33,-1.0,3C;
3C0,Annobon Island,195,AF,36,52,-1.43,-5.62,-1.0,3C0;
3D2,Fiji,176,OC,32,56,-17.78,-177.92,-12.0,3D2;
3D2/c,Conway Reef,489,OC,32,56,-22.00,-175.00,-12.0,=3D2C;
3D2/r,Rotuma Island,460,OC,32,56,-12.48,-177.08,-12.0,=3D2RI =VERSION;
3DA,Swaziland,468,AF,38,57,-26.65,-31.48,-2.0,3DA;
3V,Tunisia,474,AF,33,37,35.40,-9.32,-1.0,3V TS;
3W,Vietnam,293,AS,26,49,15.80,-107.90,-7.0,3W XV;
3X,Guinea,107,AF,35,46,11.00,10.68,0.0,3X;
3Y/b,Bouvet,24,AF,38,67,-54.42,-3.38,-1.0,=3Y0E;
3Y/p,Peter 1 Island,199,SA,12,72,-68.77,90.58,4.0,=3Y0X;
4J,Azerbaijan,18,AS,21,29,40.45,-47.37,-4.0,4J 4K;
4L,Georgia,75,AS,21,29,42.00,-45.00,-4.0,4L UF6V;
4O,Montenegro,514,EU,15,28,42.50,-19.28,-1.0,4O;
4S,Sri Lanka,315,AS,22,41,7.60,-80.70,-5.5,4P 4Q 4R 4S;
4U1I,ITU HQ,117,EU,14,28,46.17,-6.05,-1.0,4U0I 4U1I 4U2I 4U3I 4U4I 4U5I 4U6I 4U7I 4U8I 4U9I =4U1WRC;
4U1U,United Nations HQ,289,NA,5,8,40.75,73.97,5.0,4U1U;
*4U1V,Vienna Intl Ctr,206,EU,15,28,48.20,-16.30,-1.0,4U1V =4Y1A =C7A;
4W,Timor - Leste,511,OC,28,54,-8.80,-126.05,-9.0,4W;
4X,Israel,336,AS,20,39,31.32,-34.82,-2.0,4X 4Z;
5A,Libya,436,AF,34,38,27.20,-16.60,-2.0,5A;
5B,Cyprus,215,AS,20,39,35.00,-33.00,-2.0,5B C4 H2 P3;
5H,Tanzania,470,AF,37,53,-5.75,-33.92,-3.0,5H 5I;
5N,Nigeria,450,AF,35,46,9.87,-7.55,-1.0,5N 5O;
5R,Madagascar,438,AF,39,53,-19.00,-46.58,-3.0,5R 5S 6X;
5T,Mauritania,444,AF,35,46,20.60,10.50,0.0,5T;
5U,Niger,187,AF,35,46,17.63,-9.43,-1.0,5U;
5V,Togo,483,AF,35,46,8.40,-1.28,0.0,5V;
5W,Samoa,190,OC,32,62,-13.93,171.70,-13.0,5W;
5X,Uganda,286,AF,37,48,1.92,-32.60,-3.0,5X;
5Z,Kenya,430,AF,37,48,0.32,-38.15,-3.0,5Y 5Z;
6W,Senegal,456,AF,35,46,15.20,14.63,0.0,6V 6W;
6Y,Jamaica,82,NA,8,11,18.20,77.47,5.0,6Y;
7O,Yemen,492,AS,21,39,15.65,-48.12,-3.0,7O;
7P,Lesotho,432,AF,38,57,-29.22,-27.88,-2.0,7P;
7Q,Malawi,440,AF,37,53,-14.00,-34.00,-2.0,7Q;
7X,Algeria,400,AF,33,37,28.00,-2.00,-1.0,7R 7T 7U 7V 7W 7X 7Y;
8P,Barbados,62,NA,8,11,13.18,59.53,4.0,8P;
8Q,Maldives,159,AS,22,41,4.15,-73.45,-5.0,8Q;
8R,Guyana,129,SA,9,12,6.02,59.45,4.0,8R;
9A,Croatia,497,EU,15,28,45.18,-15.30,-1.0,9A;
9G,Ghana,424,AF,35,46,7.70,1.57,0.0,9G;
9H,Malta,257,EU,15,28,35.88,-14.42,-1.0,9H;
9J,Zambia,482,AF,36,53,-14.22,-26.73,-2.0,9I 9J;
9K,Kuwait,348,AS,21,39,29.38,-47.38,-3.0,9K NLD;
9L,Sierra Leone,458,AF,35,46,8.50,13.25,0.0,9L;
9M2,West Malaysia,299,AS,28,54,3.95,-102.23,-8.0,9M 9W =9M8DX/2;
9M6,East Malaysia,46,OC,28,54,2.68,-113.32,-8.0,9M6 9M8 9M9 9W6 9W8;
9N,Nepal,369,AS,22,42,27.70,-85.33,-5.75,9N;
9Q,Dem. Rep. of the Congo,414,AF,36,52,-3.12,-23.03,-1.0,9O 9P 9Q 9R 9S 9T;
9U,Burundi,404,AF,36,52,-3.17,-29.78,-2.0,9U;
9V,Singapore,381,AS,28,54,1.37,-103.78,-8.0,9V S6;
9X,Rwanda,454,AF,36,52,-1.75,-29.82,-2.0,9X;
9Y,Trinidad & Tobago,90,SA,9,11,10.38,61.28,4.0,9Y 9Z;
A2,Botswana,402,AF,38,57,-22.00,-24.00,-2.0,8O A2;
A3,Tonga,160,OC,32,62,-21.22,175.13,-13.0,A3;
A4,Oman,370,AS,21,39,23.60,-58.55,-4.0,A4;
A5,Bhutan,306,AS,22,41,27.40,-90.18,-6.0,A5;
A6,United Arab Emirates,391,AS,21,39,24.00,-54.00,-4.0,A6;
A7,Qatar,376,AS,21,39,25.25,-51.13,-3.0,A7;
A9,Bahrain,304,AS,21,39,26.03,-50.53,-3.0,A9;
AP,Pakistan,372,AS,21,41,30.00,-70.00,-5.0,6P 6Q 6R 6S AP AQ AR AS;
BS7,Scarborough Reef,506,AS,27,50,15.08,-117.72,-8.0,=BS7H;
BV,Taiwan,386,AS,24,44,23.72,-120.88,-8.0,BM BN BO BP BQ BU BV BW BX;
BV9P,Pratas Island,505,AS,24,44,20.70,-116.70,-8.0,BM9P BN9P BO9P BP9P BQ9P BU9P BV9P BW9P BX9P;
BY,China,318,AS,24,44,36.00,-102.00,-8.0,3H 3H0(23)[42] 3H9(23)[43] 3I 3I0(23)[42] 3I9(23)[43] 3J 3J0(23)[42] 3J9(23)[43] 3K 3K0(23)[42] 3K9(23)[43] 3L 3L0(23)[42] 3L9(23)[43] 3M 3M0(23)[42] 3M9(23)[43] 3N 3N0(23)[42] 3N9(23)[43] 3O 3O0(23)[42] 3O9(23)[43] 3P 3P0(23)[42] 3P9(23)[43] 3Q 3Q0(23)[42] 3Q9(23)[43] 3R 3R0(23)[42] 3R9(23)[43] 3S 3S0(23)[42] 3S9(23)[43] 3T 3T0(23)[42] 3T9(23)[43] 3U 3U0(23)[42] 3U9(23)[43] B0(23)[42] B2 B3 B4 B5 B6 B7 B8 B9(23)[43] BA BA0(23)[42] BA9(23)[43] BD BD0(23)[42] BD9(23)[43] BG BG0(23)[42] BG9(23)[43] BH BH0(23)[42] BH9(23)[43] BI BI0(23)[42] BI9(23)[43] BJ BJ0(23)[42] BJ9(23)[43] BL BL0(23)[42] BL9(23)[43] BT BT0(23)[42] BT9(23)[43] BY BY0(23)[42] BY9(23)[43] BZ BZ0(23)[42] BZ9(23)[43] XS XS0(23)[42] XS9(23)[43] B1 B2A[33] B2B[33] B2C[33] B2D[33] B2E[33] B2F[33] B2G[33] B2H[33] B2I[33] B2J[33] B2K[33] B2L[33] B2M[33] B2N[33] B2O[33] B2P[33] B3G(23)[33] B3H(23)[33] B3I(23)[33] B3J(23)[33] B3K(23)[33] B3L(23)[33] B6Q[43] B6R[43] B6S[43] B6T[43] B6U[43] B6V[43] B6W[43] B6X[43] B7A[43] B7B[43] B7C[43] B7D[43] B7E[43] B7F[43] B7G[43] B7H[43] B7Q[43] B7R[43] B7S[43] B7T[43] B7U[43] B7V[43] B7W[43] B7X[43] B8A[43] B8B[43] B8C[43] B8D[43] B8E[43] B8F[43] B8G[43] B8H[43] B8I[43] B8J[43] B8K[43] B8L[43] B8M[43] B8N[43] B8O[43] B8P[43] B8Q[43] B8R[43] B8S[43] B8T[43] B8U[43] B8V[43] B8W[43] B8X[43] B9A(24)[43] B9B(24)[43] B9C(24)[43] B9D(24)[43] B9E(24)[43] B9F(24)[43] B9S(23)[42] B9T(23)[42] B9U(23)[42] B9V(23)[42] B9W(23)[42] B9X(23)[42] BA2A[33] BA2B[33] BA2C[33] BA2D[33] BA2E[33] BA2F[33] BA2G[33] BA2H[33] BA2I[33] BA2J[33] BA2K[33] BA2L[33] BA2M[33] BA2N[33] BA2O[33] BA2P[33] BA3G(23)[33] BA3H(23)[33] BA3I(23)[33] BA3J(23)[33] BA3K(23)[33] BA3L(23)[33] BA6Q[43] BA6R[43] BA6S[43] BA6T[43] BA6U[43] BA6V[43] BA6W[43] BA6X[43] BA7A[43] BA7B[43] BA7C[43] BA7D[43] BA7E[43] BA7F[43] BA7G[43] BA7H[43] BA7Q[43] BA7R[43] BA7S[43] BA7T[43] BA7U[43] BA7V[43] BA7W[43] BA7X[43] BA8A[43] BA8B[43] BA8C[43] BA8D[43] BA8E[43] BA8F[43] BA8G[43] BA8H[43] BA8I[43] BA8J[43] BA8K[43] BA8L[43] BA8M[43] BA8N[43] BA8O[43] BA8P[43] BA8Q[43] BA8R[43] BA8S[43] BA8T[43] BA8U[43] BA8V[43] BA8W[43] BA8X[43] BA9A(24)[43] BA9B(24)[43] BA9C(24)[43] BA9D(24)[43] BA9E(24)[43] BA9F(24)[43] BA9S(23)[42] BA9T(23)[42] BA9U(23)[42] BA9V(23)[42] BA9W(23)[42] BA9X(23)[42] BD2A[33] BD2B[33] BD2C[33] BD2D[33] BD2E[33] BD2F[33] BD2G[33] BD2H[33] BD2I[33] BD2J[33] BD2K[33] BD2L[33] BD2M[33] BD2N[33] BD2O[33] BD2P[33] BD3G(23)[33] BD3H(23)[33] BD3I(23)[33] BD3J(23)[33] BD3K(23)[33] BD3L(23)[33] BD6Q[43] BD6R[43] BD6S[43] BD6T[43] BD6U[43] BD6V[43] BD6W[43] BD6X[43] BD7A[43] BD7B[43] BD7C[43] BD7D[43] BD7E[43] BD7F[43] BD7G[43] BD7H[43] BD7Q[43] BD7R[43] BD7S[43] BD7T[43] BD7U[43] BD7V[43] BD7W[43] BD7X[43] BD8A[43] BD8B[43] BD8C[43] BD8D[43] BD8E[43] BD8F[43] BD8G[43] BD8H[43] BD8I[43] BD8J[43] BD8K[43] BD8L[43] BD8M[43] BD8N[43] BD8O[43] BD8P[43] BD8Q[43] BD8R[43] BD8S[43] BD8T[43] BD8U[43] BD8V[43] BD8W[43] BD8X[43] BD9A(24)[43] BD9B(24)[43] BD9C(24)[43] BD9D(24)[43] BD9E(24)[43] BD9F(24)[43] BD9S(23)[42] BD9T(23)[42] BD9U(23)[42] BD9V(23)[42] BD9W(23)[42] BD9X(23)[42] BG2A[33] BG2B[33] BG2C[33] BG2D[33] BG2E[33] BG2F[33] BG2G[33] BG2H[33] BG2I[33] BG2J[33] BG2K[33] BG2L[33] BG2M[33] BG2N[33] BG2O[33] BG2P[33] BG3G(23)[33] BG3H(23)[33] BG3I(23)[33] BG3J(23)[33] BG3K(23)[33] BG3L(23)[33] BG6Q[43] BG6R[43] BG6S[43] BG6T[43] BG6U[43] BG6V[43] BG6W[43] BG6X[43] BG7A[43] BG7B[43] BG7C[43] BG7D[43] BG7E[43] BG7F[43] BG7G[43] BG7H[43] BG7Q[43] BG7R[43] BG7S[43] BG7T[43] BG7U[43] BG7V[43] BG7W[43] BG7X[43] BG8A[43] BG8B[43] BG8C[43] BG8D[43] BG8E[43] BG8F[43] BG8G[43] BG8H[43] BG8I[43] BG8J[43] BG8K[43] BG8L[43] BG8M[43] BG8N[43] BG8O[43] BG8P[43] BG8Q[43] BG8R[43] BG8S[43] BG8T[43] BG8U[43] BG8V[43] BG8W[43] BG8X[43] BG9A(24)[43] BG9B(24)[43] BG9C(24)[43] BG9D(24)[43] BG9E(24)[43] BG9F(24)[43] BG9S(23)[42] BG9T(23)[42] BG9U(23)[42] BG9V(23)[42] BG9W(23)[42] BG9X(23)[42] BH2A[33] BH2B[33] BH2C[33] BH2D[33] BH2E[33] BH2F[33] BH2G[33] BH2H[33] BH2I[33] BH2J[33] BH2K[33] BH2L[33] BH2M[33] BH2N[33] BH2O[33] BH2P[33] BH3G(23)[33] BH3H(23)[33] BH3I(23)[33] BH3J(23)[33] BH3K(23)[33] BH3L(23)[33] BH6Q[43] BH6R[43] BH6S[43] BH6T[43] BH6U[43] BH6V[43] BH6W[43] BH6X[43] BH7A[43] BH7B[43] BH7C[43] BH7D[43] BH7E[43] BH7F[43] BH7G[43] BH7H[43] BH7Q[43] BH7R[43] BH7S[43] BH7T[43] BH7U[43] BH7V[43] BH7W[43] BH7X[43] BH8A[43] BH8B[43] BH8C[43] BH8D[43] BH8E[43] BH8F[43] BH8G[43] BH8H[43] BH8I[43] BH8J[43] BH8K[43] BH8L[43] BH8M[43] BH8N[43] BH8O[43] BH8P[43] BH8Q[43] BH8R[43] BH8S[43] BH8T[43] BH8U[43] BH8V[43] BH8W[43] BH8X[43] BH9A(24)[43] BH9B(24)[43] BH9C(24)[43] BH9D(24)[43] BH9E(24)[43] BH9F(24)[43] BH9S(23)[42] BH9T(23)[42] BH9U(23)[42] BH9V(23)[42] BH9W(23)[42] BH9X(23)[42] BI2A[33] BI2B[33] BI2C[33] BI2D[33] BI2E[33] BI2F[33] BI2G[33] BI2H[33] BI2I[33] BI2J[33] BI2K[33] BI2L[33] BI2M[33] BI2N[33] BI2O[33] BI2P[33] BI3G(23)[33] BI3H(23)[33] BI3I(23)[33] BI3J(23)[33] BI3K(23)[33] BI3L(23)[33] BI6Q[43] BI6R[43] BI6S[43] BI6T[43] BI6U[43] BI6V[43] BI6W[43] BI6X[43] BI7A[43] BI7B[43] BI7C[43] BI7D[43] BI7E[43] BI7F[43] BI7G[43] BI7H[43] BI7Q[43] BI7R[43] BI7S[43] BI7T[43] BI7U[43] BI7V[43] BI7W[43] BI7X[43] BI8A[43] BI8B[43] BI8C[43] BI8D[43] BI8E[43] BI8F[43] BI8G[43] BI8H[43] BI8I[43] BI8J[43] BI8K[43] BI8L[43] BI8M[43] BI8N[43] BI8O[43] BI8P[43] BI8Q[43] BI8R[43] BI8S[43] BI8T[43] BI8U[43] BI8V[43] BI8W[43] BI8X[43] BI9A(24)[43] BI9B(24)[43] BI9C(24)[43] BI9D(24)[43] BI9E(24)[43] BI9F(24)[43] BI9S(23)[42] BI9T(23)[42] BI9U(23)[42] BI9V(23)[42] BI9W(23)[42] BI9X(23)[42] BJ2A[33] BJ2B[33] BJ2C[33] BJ2D[33] BJ2E[33] BJ2F[33] BJ2G[33] BJ2H[33] BJ2I[33] BJ2J[33] BJ2K[33] BJ2L[33] BJ2M[33] BJ2N[33] BJ2O[33] BJ2P[33] BJ3G(23)[33] BJ3H(23)[33] BJ3I(23)[33] BJ3J(23)[33] BJ3K(23)[33] BJ3L(23)[33] BJ6Q[43] BJ6R[43] BJ6S[43] BJ6T[43] BJ6U[43] BJ6V[43] BJ6W[43] BJ6X[43] BJ7A[43] BJ7B[43] BJ7C[43] BJ7D[43] BJ7E[43] BJ7F[43] BJ7G[43] BJ7H[43] BJ7Q[43] BJ7R[43] BJ7S[43] BJ7T[43] BJ7U[43] BJ7V[43] BJ7W[43] BJ7X[43] BJ8A[43] BJ8B[43] BJ8C[43] BJ8D[43] BJ8E[43] BJ8F[43] BJ8G[43] BJ8H[43] BJ8I[43] BJ8J[43] BJ8K[43] BJ8L[43] BJ8M[43] BJ8N[43] BJ8O[43] BJ8P[43] BJ8Q[43] BJ8R[43] BJ8S[43] BJ8T[43] BJ8U[43] BJ8V[43] BJ8W[43] BJ8X[43] BJ9A(24)[43] BJ9B(24)[43] BJ9C(24)[43] BJ9D(24)[43] BJ9E(24)[43] BJ9F(24)[43] BJ9S(23)[42] BJ9T(23)[42] BJ9U(23)[42] BJ9V(23)[42] BJ9W(23)[42] BJ9X(23)[42] BL2A[33] BL2B[33] BL2C[33] BL2D[33] BL2E[33] BL2F[33] BL2G[33] BL2H[33] BL2I[33] BL2J[33] BL2K[33] BL2L[33] BL2M[33] BL2N[33] BL2O[33] BL2P[33] BL3G(23)[33] BL3H(23)[33] BL3I(23)[33] BL3J(23)[33] BL3K(23)[33] BL3L(23)[33] BL6Q[43] BL6R[43] BL6S[43] BL6T[43] BL6U[43] BL6V[43] BL6W[43] BL6X[43] BL7A[43] BL7B[43] BL7C[43] BL7D[43] BL7E[43] BL7F[43] BL7G[43] BL7H[43] BL7Q[43] BL7R[43] BL7S[43] BL7T[43] BL7U[43] BL7V[43] BL7W[43] BL7X[43] BL8A[43] BL8B[43] BL8C[43] BL8D[43] BL8E[43] BL8F[43] BL8G[43] BL8H[43] BL8I[43] BL8J[43] BL8K[43] BL8L[43] BL8M[43] BL8N[43] BL8O[43] BL8P[43] BL8Q[43] BL8R[43] BL8S[43] BL8T[43] BL8U[43] BL8V[43] BL8W[43] BL8X[43] BL9A(24)[43] BL9B(24)[43] BL9C(24)[43] BL9D(24)[43] BL9E(24)[43] BL9F(24)[43] BL9S(23)[42] BL9T(23)[42] BL9U(23)[42] BL9V(23)[42] BL9W(23)[42] BL9X(23)[42] BT2A[33] BT2B[33] BT2C[33] BT2D[33] BT2E[33] BT2F[33] BT2G[33] BT2H[33] BT2I[33] BT2J[33] BT2K[33] BT2L[33] BT2M[33] BT2N[33] BT2O[33] BT2P[33] BT3G(23)[33] BT3H(23)[33] BT3I(23)[33] BT3J(23)[33] BT3K(23)[33] BT3L(23)[33] BT6Q[43] BT6R[43] BT6S[43] BT6T[43] BT6U[43] BT6V[43] BT6W[43] BT6X[43] BT7A[43] BT7B[43] BT7C[43] BT7D[43] BT7E[43] BT7F[43] BT7G[43] BT7H[43] BT7Q[43] BT7R[43] BT7S[43] BT7T[43] BT7U[43] BT7V[43] BT7W[43] BT7X[43] BT8A[43] BT8B[43] BT8C[43] BT8D[43] BT8E[43] BT8F[43] BT8G[43] BT8H[43] BT8I[43] BT8J[43] BT8K[43] BT8L[43] BT8M[43] BT8N[43] BT8O[43] BT8P[43] BT8Q[43] BT8R[43] BT8S[43] BT8T[43] BT8U[43] BT8V[43] BT8W[43] BT8X[43] BT9A(24)[43] BT9B(24)[43] BT9C(24)[43] BT9D(24)[43] BT9E(24)[43] BT9F(24)[43] BT9S(23)[42] BT9T(23)[42] BT9U(23)[42] BT9V(23)[42] BT9W(23)[42] BT9X(23)[42] BY2A[33] BY2B[33] BY2C[33] BY2D[33] BY2E[33] BY2F[33] BY2G[33] BY2H[33] BY2I[33] BY2J[33] BY2K[33] BY2L[33] BY2M[33] BY2N[33] BY2O[33] BY2P[33] BY3G(23)[33] BY3H(23)[33] BY3I(23)[33] BY3J(23)[33] BY3K(23)[33] BY3L(23)[33] BY6Q[43] BY6R[43] BY6S[43] BY6T[43] BY6U[43] BY6V[43] BY6W[43] BY6X[43] BY7A[43] BY7B[43] BY7C[43] BY7D[43] BY7E[43] BY7F[43] BY7G[43] BY7H[43] BY7Q[43] BY7R[43] BY7S[43] BY7T[43] BY7U[43] BY7V[43] BY7W[43] BY7X[43] BY8A[43] BY8B[43] BY8C[43] BY8D[43] BY8E[43] BY8F[43] BY8G[43] BY8H[43] BY8I[43] BY8J[43] BY8K[43] BY8L[43] BY8M[43] BY8N[43] BY8O[43] BY8P[43] BY8Q[43] BY8R[43] BY8S[43] BY8T[43] BY8U[43] BY8V[43] BY8W[43] BY8X[43] BY9A(24)[43] BY9B(24)[43] BY9C(24)[43] BY9D(24)[43] BY9E(24)[43] BY9F(24)[43] BY9S(23)[42] BY9T(23)[42] BY9U(23)[42] BY9V(23)[42] BY9W(23)[42] BY9X(23)[42] BZ2A[33] BZ2B[33] BZ2C[33] BZ2D[33] BZ2E[33] BZ2F[33] BZ2G[33] BZ2H[33] BZ2I[33] BZ2J[33] BZ2K[33] BZ2L[33] BZ2M[33] BZ2N[33] BZ2O[33] BZ2P[33] BZ3G(23)[33] BZ3H(23)[33] BZ3I(23)[33] BZ3J(23)[33] BZ3K(23)[33] BZ3L(23)[33] BZ6Q[43] BZ6R[43] BZ6S[43] BZ6T[43] BZ6U[43] BZ6V[43] BZ6W[43] BZ6X[43] BZ7A[43] BZ7B[43] BZ7C[43] BZ7D[43] BZ7E[43] BZ7F[43] BZ7G[43] BZ7H[43] BZ7Q[43] BZ7R[43] BZ7S[43] BZ7T[43] BZ7U[43] BZ7V[43] BZ7W[43] BZ7X[43] BZ8A[43] BZ8B[43] BZ8C[43] BZ8D[43] BZ8E[43] BZ8F[43] BZ8G[43] BZ8H[43] BZ8I[43] BZ8J[43] BZ8K[43] BZ8L[43] BZ8M[43] BZ8N[43] BZ8O[43] BZ8P[43] BZ8Q[43] BZ8R[43] BZ8S[43] BZ8T[43] BZ8U[43] BZ8V[43] BZ8W[43] BZ8X[43] BZ9A(24)[43] BZ9B(24)[43] BZ9C(24)[43] BZ9D(24)[43] BZ9E(24)[43] BZ9F(24)[43] BZ9S(23)[42] BZ9T(23)[42] BZ9U(23)[42] BZ9V(23)[42] BZ9W(23)[42] BZ9X(23)[42] =BG9XD/5;
C2,Nauru,157,OC,31,65,-0.52,-166.92,-12.0,C2;
C3,Andorra,203,EU,14,27,42.58,-1.62,-1.0,C3;
C5,The Gambia,422,AF,35,46,13.40,16.38,0.0,C5;
C6,Bahamas,60,NA,8,11,24.25,76.00,5.0,C6;
C9,Mozambique,181,AF,37,53,-18.25,-35.00,-2.0,C8 C9;
CE,Chile,112,SA,12,14,-30.00,71.00,4.0,3G CA CB CC CD CE XQ XR 3G7[16] 3G8[16] CA7[16] CA8[16] CB7[16] CB8[16] CC7[16] CC8[16] CD7[16] CD8[16] CE7[16] CE8[16] XQ7[16] XQ8[16] XR7[16] XR8[16];
CE0X,San Felix & San Ambrosio,217,SA,12,14,-26.28,80.07,4.0,3G0X CA0X CB0X CC0X CD0X CE0X XQ0X XR0X;
CE0Y,Easter Island,47,SA,12,63,-27.10,109.37,6.0,3G0 CA0 CB0 CC0 CD0 CE0 XQ0 XR0;
CE0Z,Juan Fernandez Islands,125,SA,12,14,-33.60,78.85,4.0,3G0Z CA0Z CB0Z CC0Z CD0Z CE0I CE0Z XQ0Z XR0Z;
CE9,Antarctica,13,SA,13,74,-90.00,0.00,0.0,3Y[73] AX0(39)[69] AY1Z[73] AY2Z[73] AY3Z[73] AY4Z[73] AY5Z[73] AY6Z[73] AY7Z[73] AY8Z[73] AY9Z[73] FT0Y(30)[70] FT1Y(30)[70] FT2Y(30)[70] FT3Y(30)[70] FT4Y(30)[70] FT5Y(30)[70] FT6Y(30)[70] FT7Y(30)[70] FT8Y(30)[70] LU1Z[73] LU2Z[73] LU3Z[73] LU4Z[73] LU5Z[73] LU6Z[73] LU7Z[73] LU8Z[73] LU9Z[73] RI1AN(29)[69] VI0(39)[69] VK0(39)[69] ZL5(30)[71] ZM5(30)[71] ZS7(38)[67] =8J1RL(39)[67] =D8A(30)[71] =DP0GVN(38)[67] =DP1POL(38)[67] =DP1POL/P(38)[67] =IA/IZ2QEJ(29)[70] =IA/IZ3SUS(29)[70] =JG2MLI/ANT(39)[67] =JH1TOF/ANT(39)[67] =KC4AAA(39) =KC4USV(30)[71] =OP0LE(38)[67] =OR4TN(38)[67] =RI1ANC(29)[70] =RI1ANP(39)[69] =RI1ANR(38)[67] =RI1ANZ(39)[69] =VP8ADE[73] =VP8ADE/B[73] =VP8DOU[73] =VP8ROT[73];
CM,Cuba,70,NA,8,11,21.50,80.00,5.0,CL CM CO T4;
CN,Morocco,446,AF,33,37,32.00,5.00,0.0,5C 5D 5E 5F 5G CN;
CP,Bolivia,104,SA,10,12,-17.00,65.00,4.0,CP CP2[14] CP3[14] CP4[14] CP5[14] CP6[14] CP7[14];
CT,Portugal,272,EU,14,37,39.50,8.00,0.0,CQ CR CS CT;
CT3,Madeira Islands,256,AF,33,36,32.75,16.95,0.0,CQ2 CQ3 CQ9 CR3 CR9 CS3 CS9 CT3 CT9;
CU,Azores,149,EU,14,36,38.70,27.23,1.0,CQ1 CQ8 CR1 CR2 CR8 CS4 CS8 CT8 CU;
CX,Uruguay,144,SA,13,14,-33.00,56.00,3.0,CV CW CX;
CY0,Sable Island,211,NA,5,9,43.93,59.90,4.0,CY0;
CY9,St. Paul Island,252,NA,5,9,47.00,60.00,4.0,CY9;
D2,Angola,401,AF,36,52,-12.50,-18.50,-1.0,D2 D3;
D4,Cape Verde,409,AF,35,46,16.00,24.00,1.0,D4;
D6,Comoros,411,AF,39,53,-11.63,-43.30,-3.0,D6;
DL,Fed. Rep. of Germany,230,EU,14,28,51.00,-10.00,-1.0,DA DB DC DD DE DF DG DH DI DJ DK DL DM DN DO DP DQ DR;
DU,Philippines,375,OC,27,50,13.00,-122.00,-8.0,4D 4E 4F 4G 4H 4I DU DV DW DX DY DZ;
E3,Eritrea,51,AF,37,48,15.00,-39.00,-3.0,E3;
E4,Palestine,510,AS,20,39,31.28,-34.27,-2.0,E4;
E5/n,North Cook Islands,191,OC,32,62,-10.02,161.08,10.0,=E50W =E51UFF =E51WL[63];
E5/s,South Cook Islands,234,OC,32,63,-21.90,157.93,10.0,E5;
E6,Niue,188,OC,32,62,-19.03,169.85,11.0,E6;
E7,Bosnia-Herzegovina,501,EU,15,28,44.32,-17.57,-1.0,E7;
EA,Spain,281,EU,14,37,40.37,4.88,-1.0,AM AN AO EA EB EC ED EE EF EG EH =EG90IARU =EA1RCI/PAZ =EA3RCV/PAZ =EA5ADM/P =EA5CC/P =EA5HCC/P =EA5RCK/CDI =EA5URV/CAC =EA7URF/PAZ =EA7URM/PAZ;
EA6,Balearic Islands,21,EU,14,37,39.60,-2.95,-1.0,AM6 AN6 AO6 EA6 EB6 EC6 ED6 EE6 EF6 EG6 EH6 =EA5RKB/6 =EA6URI/PAZ;
EA8,Canary Islands,29,AF,33,36,28.10,15.40,0.0,AM8 AN8 AO8 EA8 EB8 EC8 ED8 EE8 EF8 EG8 EH8 =EA5EZ/8 =EA5RKB/8;
EA9,Ceuta & Melilla,32,AF,33,37,35.90,5.27,-1.0,AM9 AN9 AO9 EA9 EB9 EC9 ED9 EE9 EF9 EG9 EH9 =EA9PD/P =EA9URC/PAZ;
EI,Ireland,245,EU,14,27,53.13,8.02,0.0,EI EJ;
EK,Armenia,14,AS,21,29,40.40,-44.90,-4.0,EK;
EL,Liberia,434,AF,35,46,6.50,9.50,0.0,5L 5M 6Z A8 D5 EL;
EP,Iran,330,AS,21,40,32.00,-53.00,-3.5,9B 9C 9D EP EQ;
ER,Moldova,179,EU,16,29,47.00,-29.00,-2.0,ER;
ES,Estonia,52,EU,15,29,59.00,-25.00,-2.0,ES;
ET,Ethiopia,53,AF,37,48,9.00,-39.00,-3.0,9E 9F ET;
EU,Belarus,27,EU,16,29,54.00,-28.00,-2.0,EU EV EW;
EX,Kyrgyzstan,135,AS,17,30,41.70,-74.13,-6.0,EX EX2P[31] EX2Q[31] EX6P[31] EX6Q[31] EX7P[31] EX7Q[31] EX8P[31] EX8Q[31];
EY,Tajikistan,262,AS,17,30,38.82,-71.22,-5.0,EY;
EZ,Turkmenistan,280,AS,17,30,38.00,-58.00,-5.0,EZ;
F,France,227,EU,14,27,46.00,-2.00,-1.0,F HW HX HY TH TM TP TQ TV;
FG,Guadeloupe,79,NA,8,11,16.13,61.67,4.0,FG =TO66R =TO6D;
FH,Mayotte,169,AF,39,53,-12.88,-45.15,-3.0,FH;
FJ,St. Barthelemy,516,NA,8,11,17.90,62.83,4.0,FJ;
FK,New Caledonia,162,OC,32,56,-21.50,-165.50,-11.0,FK;
FK/c,Chesterfield Islands,512,OC,30,56,-19.87,-158.32,-11.0,=FK8IK/C;
FM,Martinique,84,NA,8,11,14.70,61.03,4.0,FM =TO4C =TO5A =TO5T;
FO,French Polynesia,175,OC,32,63,-17.65,149.40,10.0,FO;
FO/a,Austral Islands,508,OC,32,63,-23.37,149.48,10.0,=TX5W;
FO/c,Clipperton Island,36,NA,7,10,10.28,109.22,8.0,=TX5K;
FO/m,Marquesas Islands,509,OC,31,63,-8.92,140.07,9.5,=FO/JI1JKW;
FP,St. Pierre & Miquelon,277,NA,5,9,46.77,56.20,3.0,FP;
FR,Reunion Island,453,AF,39,53,-21.12,-55.48,-4.0,FR;
FS,St. Martin,213,NA,8,11,18.08,63.03,4.0,FS;
FT/g,Glorioso Islands,99,AF,39,53,-11.55,-47.28,-4.0,FT0G FT1G FT2G FT3G FT4G FT5G FT6G FT7G FT8G FT9G;
FT/j,"Juan de Nova, Europa",124,AF,39,53,-17.05,-42.72,-3.0,FT0E FT0J FT1E FT1J FT2E FT2J FT3E FT3J FT4E FT4J FT6E FT6J FT7E FT7J FT8E FT8J FT9E FT9J;
FT/t,Tromelin Island,276,AF,39,53,-15.88,-54.50,-4.0,FT0T FT1T FT2T FT3T FT4T FT5T FT6T FT7T FT8T FT9T;
FT/w,Crozet Island,41,AF,39,68,-46.42,-51.75,-5.0,FT0W FT1W FT2W FT3W FT4W FT5W FT6W FT7W FT8W;
FT/x,Kerguelen Islands,131,AF,39,68,-49.00,-69.27,-5.0,FT0X FT1X FT2X FT3X FT4X FT5X FT6X FT7X FT8X;
FT/z,Amsterdam & St. Paul Is.,10,AF,39,68,-37.85,-77.53,-5.0,FT0Z FT1Z FT2Z FT3Z FT4Z FT5Z FT6Z FT7Z FT8Z;
FW,Wallis & Futuna Islands,298,OC,32,62,-13.30,176.20,-12.0,FW TW;
FY,French Guiana,63,SA,9,12,4.00,53.00,3.0,FY =TO1A =TO5BR;
G,England,223,EU,14,27,52.77,1.47,0.0,2E G M;
GD,Isle of Man,114,EU,14,27,54.20,4.53,0.0,2D GD GT MD MT;
GI,Northern Ireland,265,EU,14,27,54.73,6.68,0.0,2I GI GN MI MN =GB0BTC =GB0GPF =GB1DDG =GB2DMR =GB3NGI =GB4UAS =GB5SPD;
GJ,Jersey,122,EU,14,27,49.22,2.18,0.0,2J GH GJ MH MJ =GB2JSA;
*GM/s,Shetland Islands,279,EU,14,27,60.50,1.50,0.0,GZ MZ =2M0BDR =2M0BDT =2M0CPN =2M0GFC =2M0SEG =2M0SPX =2M0ZET =GB2ELH =GB3LER =GB3LER/B =GB4LER =GM0CXQ =GM0EKM =GM0GFL =GM0ILB =GM0JDB =GM1FGN =GM1KKI =GM1ZNR =GM3KLA =GM3WHT =GM3ZET =GM4IPK =GM4JPI =GM4LBE =GM4LER =GM4PXG =GM4SLV =GM4SSA =GM4WXQ =GM4ZHL =GM6RQW =GM6YQA =GM7AFE =GM7GWW =GM8LNH =GM8MMA =GM8YEC =GS3ZET =MM0LSM =MM0XAU =MM0ZAL =MM0ZCG =MM1FJM =MM3VQO =MM5PSL =MM5YLO =MM6BDU =MM6BZQ =MM6MFA =MM6PTE =MM6SJK =MM6ZBG =MM6ZDW =MS0ZCG =MS0ZET;
GM,Scotland,279,EU,14,27,56.82,4.18,0.0,2A 2M GA GM GS GZ MA MM MS MZ =GB0GDS =GB0GGR =GB0NHL =GB0SSB =GB1OL =GB2CM =GB2ELH =GB2GNL =GB2OWM =GB2RB =GB3ANG =GB3LER =GB3LER/B =GB3ORK =GB3ORK/B =GB4GM =GB4LER =GB4MSE =GB5AG;
GU,Guernsey,106,EU,14,27,49.45,2.58,0.0,2U GP GU MP MU;
GW,Wales,294,EU,14,27,52.28,3.73,0.0,2W GC GW MC MW =GB0GMT =GB0MPA =GB0RSC =GB100BVU =GB2GVA =GB2IMD =GB2MOP =GB2TD =GB4GSS =GB4MD =GB4MDI =GB4SDD =GB6BLB =GB6RAF =GB8MD;
H4,Solomon Islands,185,OC,28,51,-9.00,-160.00,-11.0,H4;
H40,Temotu Province,507,OC,32,51,-10.72,-165.80,-11.0,H40;
HA,Hungary,239,EU,15,28,47.12,-19.28,-1.0,HA HG;
HB,Switzerland,287,EU,14,28,46.87,-8.12,-1.0,HB HE;
HB0,Liechtenstein,251,EU,14,28,47.13,-9.57,-1.0,HB0 HE0;
HC,Ecuador,120,SA,10,12,-1.40,78.40,5.0,HC HD;
HC8,Galapagos Islands,71,SA,10,12,-0.78,91.03,6.0,HC8 HD8;
HH,Haiti,78,NA,8,11,19.02,72.18,5.0,4V HH;
HI,Dominican Republic,72,NA,8,11,19.13,70.68,4.0,HI;
HK,Colombia,116,SA,9,12,5.00,74.00,5.0,5J 5K HJ HK;
HK0/a,San Andres & Providencia,216,NA,7,11,12.55,81.72,5.0,5J0 5K0 HJ0 HK0;
HK0/m,Malpelo Island,161,SA,9,12,3.98,81.58,5.0,HJ0M HK0M =HK0TU;
HL,Republic of Korea,137,AS,25,44,36.23,-127.90,-9.0,6K 6L 6M 6N D7 D8 D9 DS DT HL KL9K;
HP,Panama,88,NA,7,11,9.00,80.00,5.0,3E 3F H3 H8 H9 HO HP;
HR,Honduras,80,NA,7,11,15.00,87.00,6.0,HQ HR;
HS,Thailand,387,AS,26,49,12.60,-99.70,-7.0,E2 HS;
HV,Vatican City,295,EU,15,28,41.90,-12.47,-1.0,HV;
HZ,Saudi Arabia,378,AS,21,39,24.20,-43.83,-3.0,7Z 8Z HZ;
I,Italy,248,EU,15,28,42.82,-12.58,-1.0,I =4U0WFP =4U1GSC =4U20B;
*IG9,African Italy,248,AF,33,37,35.67,-12.67,-1.0,IG9 IH9 =IY9A;
IS,Sardinia,225,EU,15,28,40.15,-9.27,-1.0,IM0 IS IW0U IW0V IW0W IW0X IW0Y IW0Z =II0ICH =II0IDP =II0SB =IQ0AG =IQ0AH =IQ0AI =IQ0AK =IQ0AL =IQ0AM =IQ0EH =IQ0HO =IQ0ID =IQ0NU =IQ0NU/P =IQ0OG =IQ0QP =IQ0SS =IY0GA;
*IT9,Sicily,248,EU,15,28,37.50,-14.00,-1.0,IB9 ID9 IE9 IF9 II9 IJ9 IO9 IQ9 IR9 IT9 IU9 IW9;
J2,Djibouti,382,AF,37,48,11.75,-42.35,-3.0,J2;
J3,Grenada,77,NA,8,11,12.13,61.68,4.0,J3;
J5,Guinea-Bissau,109,AF,35,46,12.02,14.80,0.0,J5;
J6,St. Lucia,97,NA,8,11,13.87,61.00,4.0,J6;
J7,Dominica,95,NA,8,11,15.43,61.35,4.0,J7;
J8,St. Vincent,98,NA,8,11,13.23,61.20,4.0,J8;
JA,Japan,339,AS,25,45,36.40,-138.38,-9.0,7J 7K 7L 7M 7N 8J 8K 8L 8M 8N JA JE JF JG JH JI JJ JK JL JM JN JO JP JQ JR JS;
JD/m,Minami Torishima,177,OC,27,90,24.28,-153.97,-10.0,=JD1YAA =JG8NQJ/JD1;
JD/o,Ogasawara,192,AS,27,45,27.05,-142.20,-9.0,JD1;
JT,Mongolia,363,AS,23,32,46.77,-102.17,-7.0,JT JU JV JT2[33] JT3[33] JU2[33] JU3[33] JV2[33] JV3[33];
JW,Svalbard,259,EU,40,18,78.00,-16.00,-1.0,JW;
*JW/b,Bear Island,259,EU,40,18,74.43,-19.08,-1.0,=JW9JKA;
JX,Jan Mayen,118,EU,40,18,71.05,8.28,1.0,JX;
JY,Jordan,342,AS,20,39,31.18,-36.42,-2.0,JY;
K,United States,291,NA,5,8,37.53,91.67,5.0,AA AB AC AD AE AF AG AI AJ AK K N W =4U1WB(5)[8];
KG4,Guantanamo Bay,105,NA,8,11,20.00,75.00,5.0,KG4;
KH0,Mariana Islands,166,OC,27,64,15.18,-145.72,-10.0,AH0 KH0 NH0 WH0 =AB9OQ =AF6EO =AH2U =KG7DCN =NA1M =W1PJ =W3STX =WH6ZW;
KH1,Baker & Howland Islands,20,OC,31,61,0.00,176.00,12.0,AH1 KH1 NH1 WH1;
KH2,Guam,103,OC,27,64,13.37,-144.70,-10.0,AH2 KH2 NH2 WH2 =KB7OVT =KD7IRV =KE7IPG =KG6DX =KG6JDX =KG6TWZ =WH0AC;
KH3,Johnston Island,123,OC,31,61,16.72,169.53,10.0,AH3 KH3 NH3 WH3;
KH4,Midway Island,174,OC,31,61,28.20,177.37,11.0,AH4 KH4 NH4 WH4;
KH5,Palmyra & Jarvis Islands,197,OC,31,61,5.87,162.07,11.0,AH5 KH5 NH5 WH5;
KH5K,Kingman Reef,134,OC,31,61,6.40,162.40,11.0,AH5K KH5K NH5K WH5K;
KH6,Hawaii,110,OC,31,61,21.12,157.48,10.0,AH6 AH7 KH6 KH7 NH6 NH7 WH6 WH7 =AC4PJ =AC4TJ =K1ENT =K1OWL =K2GT =K5HQM =K6IJ =K9FD =KA0FOR =KA6RUZ =KB6EGA =KB7UVR =KC2GSU =KC6SHT =KC7DUT =KC7I =KC7KAT =KC7KAW =KC7LFM =KD3FZ =KD5MQY =KD7GLO =KD7LMP =KD7SMV =KD7WJM =KE4RNU =KE4ZXQ =KE6AXP =KE6JXO =KE7HEW =KF6MQT =KG0XR =KG7CVR =KI4HCZ =KI4NOH =KI4YAF =KI6WOJ =KK6OMX =KQ6CD =N0ZSJ =N7BLC =N7ODC =N9SBL =W6TDX =W7DJK =W7KFI =W7NX =W7RCR =W8JVF =WA4ZOF =WA6UVF =WB4JTT =WB6SAA;
KH7K,Kure Island,138,OC,31,61,29.00,178.00,10.0,AH7K KH7K NH7K WH7K;
KH8,American Samoa,9,OC,32,62,-14.32,170.78,11.0,AH8 KH8 NH8 WH8;
KH8/s,Swains Island,515,OC,32,62,-11.05,171.25,11.0,=KH8S/NA6M;
KH9,Wake Island,297,OC,31,65,19.28,-166.63,-12.0,AH9 KH9 NH9 WH9;
KL,Alaska,6,NA,1,1,61.40,148.87,8.0,AL KL NL WL =AB9OM =AD0DK =K0CAW =K2ICW =K6WBZ =K7ZOA =KB1KLH =KB1WQL =KB7AMA =KB7IBI =KB8TEW =KC3DBK =KC5SLA =KC7AXO =KC7IKE =KC7IKF =KD0CZC =KD0FJG =KD2CTE =KD8GEL =KD8LNA =KE4YEI =KE4YLG =KE5JTB =KE5QDJ =KE5QDK =KF4PLR =KF5FJQ =KF5STO =KF5YYK =KF6BOV =KG4TJS =KG7GJL =KG7LBW =KI4COG =KI4ERC =KJ4IAQ =KK4AMV =KK6IUY =KM4AGL =KS0C =KY7J =N0IVJ =N0WXJ =N2TJY =N2YZW =N6SPP =N7ZYS =W0RWS =W5JKT =W5MQS =W7DDG =W7RAZ =W8TCX =W9ITU =WA1FVJ =WA2BIW;
KP1,Navassa Island,182,NA,8,11,18.40,75.00,5.0,KP1 NP1 WP1;
KP2,US Virgin Islands,285,NA,8,11,17.73,64.80,4.0,KP2 NP2 WP2 =K5TP =K9VV =KB1MDZ =KV4BT =KV4CF =KV4FZ =W4YY =WA4HLB =WT3A;
KP4,Puerto Rico,202,NA,8,11,18.18,66.55,4.0,KP3 KP4 NP3 NP4 WP3 WP4 =KA2GNG =KA9UTY =KB1UZV =KC2TE =KD4TVS =KH2RU =KP2Z =N2KUE =N4LER =N5PLN =NB0G =WA2RVA =WB5YOF;
KP5,Desecheo Island,43,NA,8,11,18.08,67.88,4.0,KP5 NP5 WP5;
LA,Norway,266,EU,14,18,61.00,-9.00,-1.0,LA LB LC LD LE LF LG LH LI LJ LK LL LM LN;
LU,Argentina,100,SA,13,14,-34.80,65.92,3.0,AY AZ L1 L2 L3 L4 L5 L6 L7 L8 L9 LO LP LQ LR LS LT LU LV LW AY0V[16] AY0W[16] AY0X[16] AY0Y[16] AY1V[16] AY1W[16] AY1X[16] AY1Y[16] AY2V[16] AY2W[16] AY2X[16] AY2Y[16] AY3V[16] AY3W[16] AY3X[16] AY3Y[16] AY4V[16] AY4W[16] AY4X[16] AY4Y[16] AY5V[16] AY5W[16] AY5X[16] AY5Y[16] AY6V[16] AY6W[16] AY6X[16] AY6Y[16] AY7V[16] AY7W[16] AY7X[16] AY7Y[16] AY8V[16] AY8W[16] AY8X[16] AY8Y[16] AY9V[16] AY9W[16] AY9X[16] AY9Y[16] AZ0V[16] AZ0W[16] AZ0X[16] AZ0Y[16] AZ1V[16] AZ1W[16] AZ1X[16] AZ1Y[16] AZ2V[16] AZ2W[16] AZ2X[16] AZ2Y[16] AZ3V[16] AZ3W[16] AZ3X[16] AZ3Y[16] AZ4V[16] AZ4W[16] AZ4X[16] AZ4Y[16] AZ5V[16] AZ5W[16] AZ5X[16] AZ5Y[16] AZ6V[16] AZ6W[16] AZ6X[16] AZ6Y[16] AZ7V[16] AZ7W[16] AZ7X[16] AZ7Y[16] AZ8V[16] AZ8W[16] AZ8X[16] AZ8Y[16] AZ9V[16] AZ9W[16] AZ9X[16] AZ9Y[16] L20V[16] L20W[16] L20X[16] L20Y[16] L21V[16] L21W[16] L21X[16] L21Y[16] L22V[16] L22W[16] L22X[16] L22Y[16] L23V[16] L23W[16] L23X[16] L23Y[16] L24V[16] L24W[16] L24X[16] L24Y[16] L25V[16] L25W[16] L25X[16] L25Y[16] L26V[16] L26W[16] L26X[16] L26Y[16] L27V[16] L27W[16] L27X[16] L27Y[16] L28V[16] L28W[16] L28X[16] L28Y[16] L29V[16] L29W[16] L29X[16] L29Y[16] L30V[16] L30W[16] L30X[16] L30Y[16] L31V[16] L31W[16] L31X[16] L31Y[16] L32V[16] L32W[16] L32X[16] L32Y[16] L33V[16] L33W[16] L33X[16] L33Y[16] L34V[16] L34W[16] L34X[16] L34Y[16] L35V[16] L35W[16] L35X[16] L35Y[16] L36V[16] L36W[16] L36X[16] L36Y[16] L37V[16] L37W[16] L37X[16] L37Y[16] L38V[16] L38W[16] L38X[16] L38Y[16] L39V[16] L39W[16] L39X[16] L39Y[16] L40V[16] L40W[16] L40X[16] L40Y[16] L41V[16] L41W[16] L41X[16] L41Y[16] L42V[16] L42W[16] L42X[16] L42Y[16] L43V[16] L43W[16] L43X[16] L43Y[16] L44V[16] L44W[16] L44X[16] L44Y[16] L45V[16] L45W[16] L45X[16] L45Y[16] L46V[16] L46W[16] L46X[16] L46Y[16] L47V[16] L47W[16] L47X[16] L47Y[16] L48V[16] L48W[16] L48X[16] L48Y[16] L49V[16] L49W[16] L49X[16] L49Y[16] L50V[16] L50W[16] L50X[16] L50Y[16] L51V[16] L51W[16] L51X[16] L51Y[16] L52V[16] L52W[16] L52X[16] L52Y[16] L53V[16] L53W[16] L53X[16] L53Y[16] L54V[16] L54W[16] L54X[16] L54Y[16] L55V[16] L55W[16] L55X[16] L55Y[16] L56V[16] L56W[16] L56X[16] L56Y[16] L57V[16] L57W[16] L57X[16] L57Y[16] L58V[16] L58W[16] L58X[16] L58Y[16] L59V[16] L59W[16] L59X[16] L59Y[16] L60V[16] L60W[16] L60X[16] L60Y[16] L61V[16] L61W[16] L61X[16] L61Y[16] L62V[16] L62W[16] L62X[16] L62Y[16] L63V[16] L63W[16] L63X[16] L63Y[16] L64V[16] L64W[16] L64X[16] L64Y[16] L65V[16] L65W[16] L65X[16] L65Y[16] L66V[16] L66W[16] L66X[16] L66Y[16] L67V[16] L67W[16] L67X[16] L67Y[16] L68V[16] L68W[16] L68X[16] L68Y[16] L69V[16] L69W[16] L69X[16] L69Y[16] L70V[16] L70W[16] L70X[16] L70Y[16] L71V[16] L71W[16] L71X[16] L71Y[16] L72V[16] L72W[16] L72X[16] L72Y[16] L73V[16] L73W[16] L73X[16] L73Y[16] L74V[16] L74W[16] L74X[16] L74Y[16] L75V[16] L75W[16] L75X[16] L75Y[16] L76V[16] L76W[16] L76X[16] L76Y[16] L77V[16] L77W[16] L77X[16] L77Y[16] L78V[16] L78W[16] L78X[16] L78Y[16] L79V[16] L79W[16] L79X[16] L79Y[16] L80V[16] L80W[16] L80X[16] L80Y[16] L81V[16] L81W[16] L81X[16] L81Y[16] L82V[16] L82W[16] L82X[16] L82Y[16] L83V[16] L83W[16] L83X[16] L83Y[16] L84V[16] L84W[16] L84X[16] L84Y[16] L85V[16] L85W[16] L85X[16] L85Y[16] L86V[16] L86W[16] L86X[16] L86Y[16] L87V[16] L87W[16] L87X[16] L87Y[16] L88V[16] L88W[16] L88X[16] L88Y[16] L89V[16] L89W[16] L89X[16] L89Y[16] L90V[16] L90W[16] L90X[16] L90Y[16] L91V[16] L91W[16] L91X[16] L91Y[16] L92V[16] L92W[16] L92X[16] L92Y[16] L93V[16] L93W[16] L93X[16] L93Y[16] L94V[16] L94W[16] L94X[16] L94Y[16] L95V[16] L95W[16] L95X[16] L95Y[16] L96V[16] L96W[16] L96X[16] L96Y[16] L97V[16] L97W[16] L97X[16] L97Y[16] L98V[16] L98W[16] L98X[16] L98Y[16] L99V[16] L99W[16] L99X[16] L99Y[16] LO0V[16] LO0W[16] LO0X[16] LO0Y[16] LO1V[16] LO1W[16] LO1X[16] LO1Y[16] LO2V[16] LO2W[16] LO2X[16] LO2Y[16] LO3V[16] LO3W[16] LO3X[16] LO3Y[16] LO4V[16] LO4W[16] LO4X[16] LO4Y[16] LO5V[16] LO5W[16] LO5X[16] LO5Y[16] LO6V[16] LO6W[16] LO6X[16] LO6Y[16] LO7V[16] LO7W[16] LO7X[16] LO7Y[16] LO8V[16] LO8W[16] LO8X[16] LO8Y[16] LO9V[16] LO9W[16] LO9X[16] LO9Y[16] LP0V[16] LP0W[16] LP0X[16] LP0Y[16] LP1V[16] LP1W[16] LP1X[16] LP1Y[16] LP2V[16] LP2W[16] LP2X[16] LP2Y[16] LP3V[16] LP3W[16] LP3X[16] LP3Y[16] LP4V[16] LP4W[16] LP4X[16] LP4Y[16] LP5V[16] LP5W[16] LP5X[16] LP5Y[16] LP6V[16] LP6W[16] LP6X[16] LP6Y[16] LP7V[16] LP7W[16] LP7X[16] LP7Y[16] LP8V[16] LP8W[16] LP8X[16] LP8Y[16] LP9V[16] LP9W[16] LP9X[16] LP9Y[16] LQ0V[16] LQ0W[16] LQ0X[16] LQ0Y[16] LQ1V[16] LQ1W[16] LQ1X[16] LQ1Y[16] LQ2V[16] LQ2W[16] LQ2X[16] LQ2Y[16] LQ3V[16] LQ3W[16] LQ3X[16] LQ3Y[16] LQ4V[16] LQ4W[16] LQ4X[16] LQ4Y[16] LQ5V[16] LQ5W[16] LQ5X[16] LQ5Y[16] LQ6V[16] LQ6W[16] LQ6X[16] LQ6Y[16] LQ7V[16] LQ7W[16] LQ7X[16] LQ7Y[16] LQ8V[16] LQ8W[16] LQ8X[16] LQ8Y[16] LQ9V[16] LQ9W[16] LQ9X[16] LQ9Y[16] LR0V[16] LR0W[16] LR0X[16] LR0Y[16] LR1V[16] LR1W[16] LR1X[16] LR1Y[16] LR2V[16] LR2W[16] LR2X[16] LR2Y[16] LR3V[16] LR3W[16] LR3X[16] LR3Y[16] LR4V[16] LR4W[16] LR4X[16] LR4Y[16] LR5V[16] LR5W[16] LR5X[16] LR5Y[16] LR6V[16] LR6W[16] LR6X[16] LR6Y[16] LR7V[16] LR7W[16] LR7X[16] LR7Y[16] LR8V[16] LR8W[16] LR8X[16] LR8Y[16] LR9V[16] LR9W[16] LR9X[16] LR9Y[16] LS0V[16] LS0W[16] LS0X[16] LS0Y[16] LS1V[16] LS1W[16] LS1X[16] LS1Y[16] LS2V[16] LS2W[16] LS2X[16] LS2Y[16] LS3V[16] LS3W[16] LS3X[16] LS3Y[16] LS4V[16] LS4W[16] LS4X[16] LS4Y[16] LS5V[16] LS5W[16] LS5X[16] LS5Y[16] LS6V[16] LS6W[16] LS6X[16] LS6Y[16] LS7V[16] LS7W[16] LS7X[16] LS7Y[16] LS8V[16] LS8W[16] LS8X[16] LS8Y[16] LS9V[16] LS9W[16] LS9X[16] LS9Y[16] LT0V[16] LT0W[16] LT0X[16] LT0Y[16] LT1V[16] LT1W[16] LT1X[16] LT1Y[16] LT2V[16] LT2W[16] LT2X[16] LT2Y[16] LT3V[16] LT3W[16] LT3X[16] LT3Y[16] LT4V[16] LT4W[16] LT4X[16] LT4Y[16] LT5V[16] LT5W[16] LT5X[16] LT5Y[16] LT6V[16] LT6W[16] LT6X[16] LT6Y[16] LT7V[16] LT7W[16] LT7X[16] LT7Y[16] LT8V[16] LT8W[16] LT8X[16] LT8Y[16] LT9V[16] LT9W[16] LT9X[16] LT9Y[16] LU0V[16] LU0W[16] LU0X[16] LU0Y[16] LU1V[16] LU1W[16] LU1X[16] LU1Y[16] LU2V[16] LU2W[16] LU2X[16] LU2Y[16] LU3V[16] LU3W[16] LU3X[16] LU3Y[16] LU4V[16] LU4W[16] LU4X[16] LU4Y[16] LU5V[16] LU5W[16] LU5X[16] LU5Y[16] LU6V[16] LU6W[16] LU6X[16] LU6Y[16] LU7V[16] LU7W[16] LU7X[16] LU7Y[16] LU8V[16] LU8W[16] LU8X[16] LU8Y[16] LU9V[16] LU9W[16] LU9X[16] LU9Y[16] LV0V[16] LV0W[16] LV0X[16] LV0Y[16] LV1V[16] LV1W[16] LV1X[16] LV1Y[16] LV2V[16] LV2W[16] LV2X[16] LV2Y[16] LV3V[16] LV3W[16] LV3X[16] LV3Y[16] LV4V[16] LV4W[16] LV4X[16] LV4Y[16] LV5V[16] LV5W[16] LV5X[16] LV5Y[16] LV6V[16] LV6W[16] LV6X[16] LV6Y[16] LV7V[16] LV7W[16] LV7X[16] LV7Y[16] LV8V[16] LV8W[16] LV8X[16] LV8Y[16] LV9V[16] LV9W[16] LV9X[16] LV9Y[16] LW0V[16] LW0W[16] LW0X[16] LW0Y[16] LW1V[16] LW1W[16] LW1X[16] LW1Y[16] LW2V[16] LW2W[16] LW2X[16] LW2Y[16] LW3V[16] LW3W[16] LW3X[16] LW3Y[16] LW4V[16] LW4W[16] LW4X[16] LW4Y[16] LW5V[16] LW5W[16] LW5X[16] LW5Y[16] LW6V[16] LW6W[16] LW6X[16] LW6Y[16] LW7V[16] LW7W[16] LW7X[16] LW7Y[16] LW8V[16] LW8W[16] LW8X[16] LW8Y[16] LW9V[16] LW9W[16] LW9X[16] LW9Y[16] =LU1DVE/D =LU1WCR/W[16] =LU1WJY/W[16] =LU1XA/XA[16] =LU1XS/O =LU2DVI/H =LU2VCS/V[16] =LU3DXG/D =LU4DMI/D =LU5WSA/W[16] =LU5WT/W[16] =LU5XP/D =LU6DDC/D =LU6DM/D =LU6VA/V[16] =LU6VM/V[16] =LU6WG/W[16] =LU7WW/W[16] =LU8DCH/D =LU8EHV/D =LU8XW/XP[16] =LU9EV/D =LW3DN/D =LW3DSR/D =LW4DBM/D;
LX,Luxembourg,254,EU,14,27,50.00,-6.00,-1.0,LX;
LY,Lithuania,146,EU,15,29,55.45,-23.63,-2.0,LY;
LZ,Bulgaria,212,EU,20,28,42.83,-25.08,-2.0,LZ;
OA,Peru,136,SA,10,12,-10.00,76.00,5.0,4T OA OB OC;
OD,Lebanon,354,AS,20,39,33.83,-35.83,-2.0,OD;
OE,Austria,206,EU,15,28,47.33,-13.33,-1.0,4U1V OE =4Y1A =C7A;
OH,Finland,224,EU,15,18,63.78,-27.08,-2.0,OF OG OH OI OJ;
OH0,Aland Islands,5,EU,15,18,60.13,-20.37,-2.0,OF0 OG0 OH0 OI0;
OJ0,Market Reef,167,EU,15,18,60.00,-19.00,-2.0,OJ0;
OK,Czech Republic,503,EU,15,28,50.00,-16.00,-1.0,OK OL;
OM,Slovak Republic,504,EU,15,28,49.00,-20.00,-1.0,OM;
ON,Belgium,209,EU,14,27,50.70,-4.85,-1.0,ON OO OP OQ OR OS OT;
OX,Greenland,237,NA,40,5,74.00,42.78,3.0,OX XP;
OY,Faroe Islands,222,EU,14,18,62.07,6.93,0.0,OW OY;
OZ,Denmark,221,EU,14,18,56.00,-10.00,-1.0,5P 5Q OU OV OZ;
P2,Papua New Guinea,163,OC,28,51,-9.50,-147.12,-10.0,P2;
P4,Aruba,91,SA,9,11,12.53,69.98,4.0,P4;
P5,DPR of Korea,344,AS,25,44,39.78,-126.30,-9.0,HM P5 P6 P7 P8 P9;
PA,Netherlands,263,EU,14,27,52.28,-5.47,-1.0,PA PB PC PD PE PF PG PH PI;
PJ2,Curacao,517,SA,9,11,12.17,69.00,4.0,PJ2;
PJ4,Bonaire,520,SA,9,11,12.20,68.25,4.0,PJ4;
PJ5,Saba & St. Eustatius,519,NA,8,11,17.57,63.10,4.0,PJ5 PJ6;
PJ7,Sint Maarten,518,NA,8,11,18.07,63.07,4.0,PJ7;
PY,Brazil,108,SA,11,15,-10.00,53.00,3.0,PP PQ PR PS PT PU PV PW PX PY ZV ZW ZX ZY ZZ PP6[13] PP7[13] PP8[12] PQ2[13] PQ8[13] PR7[13] PR8[13] PS7[13] PS8[13] PT2[13] PT7[13] PT8[12] PV8[12] PW8[12] PY6[13] PY7[13] PY8[13] PY9[13];
PY0F,Fernando de Noronha,56,SA,11,13,-3.85,32.43,2.0,PP0F PQ0F PR0F PS0F PT0F PU0F PV0F PW0F PX0F PY0F PY0Z ZV0F ZW0F ZX0F ZY0F ZY0Z ZZ0F PP0R PQ0R PR0R PS0R PT0R PU0R PV0R PW0R PX0R PY0R ZV0R ZW0R ZX0R ZY0R ZZ0R;
PY0S,St. Peter & St. Paul,253,SA,11,13,0.00,29.00,2.0,PP0S PQ0S PR0S PS0S PT0S PU0S PV0S PW0S PX0S PY0S ZV0S ZW0S ZX0S ZY0S ZZ0S;
PY0T,Trindade & Martim Vaz,273,SA,11,15,-20.50,29.32,2.0,PP0T PQ0T PR0T PS0T PT0T PU0T PV0T PW0T PX0T PY0T ZV0T ZW0T ZX0T ZY0T ZZ0T;
PZ,Suriname,140,SA,9,12,4.00,56.00,3.0,PZ;
R1FJ,Franz Josef Land,61,EU,40,75,80.68,-49.92,-3.0,RI1FJ;
S0,Western Sahara,302,AF,33,46,24.82,13.85,0.0,S0;
S2,Bangladesh,305,AS,22,41,24.12,-89.65,-6.0,S2 S3;
S5,Slovenia,499,EU,15,28,46.00,-14.00,-1.0,S5;
S7,Seychelles,379,AF,39,53,-4.67,-55.47,-4.0,S7;
S9,Sao Tome & Principe,219,AF,36,47,0.22,-6.57,0.0,S9;
SM,Sweden,284,EU,14,18,61.20,-14.57,-1.0,7S 8S SA SB SC SD SE SF SG SH SI SJ SK SL SM;
SP,Poland,269,EU,15,28,52.28,-18.67,-1.0,3Z HF SN SO SP SQ SR;
ST,Sudan,466,AF,34,48,14.47,-28.62,-3.0,6T 6U ST;
SU,Egypt,478,AF,34,38,26.28,-28.60,-2.0,6A 6B SS SU;
SV,Greece,236,EU,20,28,39.78,-21.78,-2.0,J4 SV SW SX SY SZ;
SV/a,Mount Athos,180,EU,20,28,40.00,-24.00,-2.0,=SV2ASP/A;
SV5,Dodecanese,45,EU,20,28,36.17,-27.93,-2.0,J45 SV5 SW5 SX5 SY5 SZ5 =SV0XCA/5;
SV9,Crete,40,EU,20,28,35.23,-24.78,-2.0,J49 SV9 SW9 SX9 SY9 SZ9 =SV0XBN/9 =SV0XCC/9;
T2,Tuvalu,282,OC,31,65,-8.50,-179.20,-12.0,T2;
T30,Western Kiribati,301,OC,31,65,1.42,-173.00,-12.0,T30;
T31,Central Kiribati,31,OC,31,62,-2.83,171.72,-13.0,T31;
T32,Eastern Kiribati,48,OC,31,61,1.80,157.35,-14.0,T32;
T33,Banaba Island,490,OC,31,65,-0.88,-169.53,-12.0,T33;
T5,Somalia,232,AF,37,48,2.03,-45.35,-3.0,6O T5;
T7,San Marino,278,EU,15,28,43.95,-12.45,-1.0,T7;
T8,Palau,22,OC,27,64,7.45,-134.53,-9.0,T8;
TA,Asiatic Turkey,390,AS,20,39,39.18,-35.65,-2.0,TA TB TC YM;
*TA1,European Turkey,390,EU,20,39,41.02,-28.97,-2.0,TA1 TB1 TC1 YM1 =TA6CQ/1;
TF,Iceland,242,EU,40,17,64.80,18.73,0.0,TF;
TG,Guatemala,76,NA,7,11,15.50,90.30,6.0,TD TG;
TI,Costa Rica,308,NA,7,11,10.00,84.00,6.0,TE TI;
TI9,Cocos Island,37,NA,7,11,5.52,87.05,6.0,TE9 TI9;
TJ,Cameroon,406,AF,36,47,5.38,-11.87,-1.0,TJ;
TK,Corsica,214,EU,15,28,42.00,-9.00,-1.0,TK;
TL,Central African Republic,408,AF,36,47,6.75,-20.33,-1.0,TL;
TN,Republic of the Congo,412,AF,36,52,-1.02,-15.37,-1.0,TN;
TR,Gabon,420,AF,36,52,-0.37,-11.73,-1.0,TR;
TT,Chad,410,AF,36,47,15.80,-18.17,-1.0,TT;
TU,Cote d'Ivoire,428,AF,35,46,7.58,5.80,0.0,TU;
TY,Benin,416,AF,35,46,9.87,-2.25,-1.0,TY;
TZ,Mali,442,AF,35,46,18.00,2.58,0.0,TZ;
UA,European Russia,54,EU,16,29,53.65,-41.37,-4.0,R U R1N[19] R1O[19] R1P[20] R1Z[19] R4H[30] R4I[30] R4W[30] R8F(17)[30] R8G(17)[30] R8X(17)[20] R9F(17)[30] R9G(17)[30] R9X(17)[20] RA1N[19] RA1O[19] RA1P[20] RA1Z[19] RA4H[30] RA4I[30] RA4W[30] RA8F(17)[30] RA8G(17)[30] RA8X(17)[20] RA9F(17)[30] RA9G(17)[30] RA9X(17)[20] RC1N[19] RC1O[19] RC1P[20] RC1Z[19] RC4H[30] RC4I[30] RC4W[30] RC8F(17)[30] RC8G(17)[30] RC8X(17)[20] RC9F(17)[30] RC9G(17)[30] RC9X(17)[20] RD1N[19] RD1O[19] RD1P[20] RD1Z[19] RD4H[30] RD4I[30] RD4W[30] RD8F(17)[30] RD8G(17)[30] RD8X(17)[20] RD9F(17)[30] RD9G(17)[30] RD9X(17)[20] RF1N[19] RF1O[19] RF1P[20] RF1Z[19] RF4H[30] RF4I[30] RF4W[30] RF8F(17)[30] RF8G(17)[30] RF8X(17)[20] RF9F(17)[30] RF9G(17)[30] RF9X(17)[20] RG1N[19] RG1O[19] RG1P[20] RG1Z[19] RG4H[30] RG4I[30] RG4W[30] RG8F(17)[30] RG8G(17)[30] RG8X(17)[20] RG9F(17)[30] RG9G(17)[30] RG9X(17)[20] RI1N[19] RI1O[19] RI1P[20] RI1Z[19] RI4H[30] RI4I[30] RI4W[30] RI8F(17)[30] RI8G(17)[30] RI8X(17)[20] RI9F(17)[30] RI9G(17)[30] RI9X(17)[20] RJ1N[19] RJ1O[19] RJ1P[20] RJ1Z[19] RJ4H[30] RJ4I[30] RJ4W[30] RJ8F(17)[30] RJ8G(17)[30] RJ8X(17)[20] RJ9F(17)[30] RJ9G(17)[30] RJ9X(17)[20] RK1N[19] RK1O[19] RK1P[20] RK1Z[19] RK4H[30] RK4I[30] RK4W[30] RK8F(17)[30] RK8G(17)[30] RK8X(17)[20] RK9F(17)[30] RK9G(17)[30] RK9X(17)[20] RL1N[19] RL1O[19] RL1P[20] RL1Z[19] RL4H[30] RL4I[30] RL4W[30] RL8F(17)[30] RL8G(17)[30] RL8X(17)[20] RL9F(17)[30] RL9G(17)[30] RL9X(17)[20] RM1N[19] RM1O[19] RM1P[20] RM1Z[19] RM4H[30] RM4I[30] RM4W[30] RM8F(17)[30] RM8G(17)[30] RM8X(17)[20] RM9F(17)[30] RM9G(17)[30] RM9X(17)[20] RN1N[19] RN1O[19] RN1P[20] RN1Z[19] RN4H[30] RN4I[30] RN4W[30] RN8F(17)[30] RN8G(17)[30] RN8X(17)[20] RN9F(17)[30] RN9G(17)[30] RN9X(17)[20] RO1N[19] RO1O[19] RO1P[20] RO1Z[19] RO4H[30] RO4I[30] RO4W[30] RO8F(17)[30] RO8G(17)[30] RO8X(17)[20] RO9F(17)[30] RO9G(17)[30] RO9X(17)[20] RP1N[19] RP1O[19] RP1P[20] RP1Z[19] RP4H[30] RP4I[30] RP4W[30] RP8F(17)[30] RP8G(17)[30] RP8X(17)[20] RP9F(17)[30] RP9G(17)[30] RP9X(17)[20] RQ1N[19] RQ1O[19] RQ1P[20] RQ1Z[19] RQ4H[30] RQ4I[30] RQ4W[30] RQ8F(17)[30] RQ8G(17)[30] RQ8X(17)[20] RQ9F(17)[30] RQ9G(17)[30] RQ9X(17)[20] RR1N[19] RR1O[19] RR1P[20] RR1Z[19] RR4H[30] RR4I[30] RR4W[30] RR8F(17)[30] RR8G(17)[30] RR8X(17)[20] RR9F(17)[30] RR9G(17)[30] RR9X(17)[20] RT1N[19] RT1O[19] RT1P[20] RT1Z[19] RT4H[30] RT4I[30] RT4W[30] RT8F(17)[30] RT8G(17)[30] RT8X(17)[20] RT9F(17)[30] RT9G(17)[30] RT9X(17)[20] RU1N[19] RU1O[19] RU1P[20] RU1Z[19] RU4H[30] RU4I[30] RU4W[30] RU8F(17)[30] RU8G(17)[30] RU8X(17)[20] RU9F(17)[30] RU9G(17)[30] RU9X(17)[20] RV1N[19] RV1O[19] RV1P[20] RV1Z[19] RV4H[30] RV4I[30] RV4W[30] RV8F(17)[30] RV8G(17)[30] RV8X(17)[20] RV9F(17)[30] RV9G(17)[30] RV9X(17)[20] RW1N[19] RW1O[19] RW1P[20] RW1Z[19] RW4H[30] RW4I[30] RW4W[30] RW8F(17)[30] RW8G(17)[30] RW8X(17)[20] RW9F(17)[30] RW9G(17)[30] RW9X(17)[20] RX1N[19] RX1O[19] RX1P[20] RX1Z[19] RX4H[30] RX4I[30] RX4W[30] RX8F(17)[30] RX8G(17)[30] RX8X(17)[20] RX9F(17)[30] RX9G(17)[30] RX9X(17)[20] RY1N[19] RY1O[19] RY1P[20] RY1Z[19] RY4H[30] RY4I[30] RY4W[30] RY8F(17)[30] RY8G(17)[30] RY8X(17)[20] RY9F(17)[30] RY9G(17)[30] RY9X(17)[20] RZ1N[19] RZ1O[19] RZ1P[20] RZ1Z[19] RZ4H[30] RZ4I[30] RZ4W[30] RZ8F(17)[30] RZ8G(17)[30] RZ8X(17)[20] RZ9F(17)[30] RZ9G(17)[30] RZ9X(17)[20] U1N[19] U1O[19] U1P[20] U1Z[19] U4H[30] U4I[30] U4W[30] U8F(17)[30] U8G(17)[30] U8X(17)[20] U9F(17)[30] U9G(17)[30] U9X(17)[20] UA1N[19] UA1O[19] UA1P[20] UA1Z[19] UA4H[30] UA4I[30] UA4W[30] UA8F(17)[30] UA8G(17)[30] UA8X(17)[20] UA9F(17)[30] UA9G(17)[30] UA9X(17)[20] UB1N[19] UB1O[19] UB1P[20] UB1Z[19] UB4H[30] UB4I[30] UB4W[30] UB8F(17)[30] UB8G(17)[30] UB8X(17)[20] UB9F(17)[30] UB9G(17)[30] UB9X(17)[20] UC1N[19] UC1O[19] UC1P[20] UC1Z[19] UC4H[30] UC4I[30] UC4W[30] UC8F(17)[30] UC8G(17)[30] UC8X(17)[20] UC9F(17)[30] UC9G(17)[30] UC9X(17)[20] UD1N[19] UD1O[19] UD1P[20] UD1Z[19] UD4H[30] UD4I[30] UD4W[30] UD8F(17)[30] UD8G(17)[30] UD8X(17)[20] UD9F(17)[30] UD9G(17)[30] UD9X(17)[20] UE1N[19] UE1O[19] UE1P[20] UE1Z[19] UE4H[30] UE4I[30] UE4W[30] UE8F(17)[30] UE8G(17)[30] UE8X(17)[20] UE9F(17)[30] UE9G(17)[30] UE9X(17)[20] UF1N[19] UF1O[19] UF1P[20] UF1Z[19] UF4H[30] UF4I[30] UF4W[30] UF8F(17)[30] UF8G(17)[30] UF8X(17)[20] UF9F(17)[30] UF9G(17)[30] UF9X(17)[20] UG1N[19] UG1O[19] UG1P[20] UG1Z[19] UG4H[30] UG4I[30] UG4W[30] UG8F(17)[30] UG8G(17)[30] UG8X(17)[20] UG9F(17)[30] UG9G(17)[30] UG9X(17)[20] UH1N[19] UH1O[19] UH1P[20] UH1Z[19] UH4H[30] UH4I[30] UH4W[30] UH8F(17)[30] UH8G(17)[30] UH8X(17)[20] UH9F(17)[30] UH9G(17)[30] UH9X(17)[20] UI1N[19] UI1O[19] UI1P[20] UI1Z[19] UI4H[30] UI4I[30] UI4W[30] UI8F(17)[30] UI8G(17)[30] UI8X(17)[20] UI9F(17)[30] UI9G(17)[30] UI9X(17)[20] =R900BL =RJ4P[30] =RK4PK[30] =RM4P[30] =RM4R[30] =RN4ACZ/9(17)[20] =RQ0C/6 =RT9T/3 =RW9WJ/4[30] =UA0KBA/3 =UA0QBC/3 =UA4PN[30] =UA4RF[30] =UA4RW[30] =UA9FIT/4 =UB1OAD/9/P(17)[20] =UB1ZBD/N[19] =UE92L;
UA2,Kaliningrad,126,EU,15,29,54.72,-20.52,-3.0,R2F R2K RA2 RC2F RC2K RD2F RD2K RF2F RF2K RG2F RG2K RI2F RI2K RJ2F RJ2K RK2F RK2K RL2F RL2K RM2F RM2K RN2F RN2K RO2F RO2K RP2F RP2K RQ2F RQ2K RR2F RR2K RT2F RT2K RU2F RU2K RV2F RV2K RW2F RW2K RX2F RX2K RY2F RY2K RZ2F RZ2K U2F U2K UA2 UB2 UC2 UD2 UF2 UG2 UH2 UI2 =R2MWO =R900BL/2 =UE2AT =UE2BF =UE2GC =UE2IT =UE2MW =UE2SK;
UA9,Asiatic Russia,15,AS,17,30,55.88,-84.08,-7.0,R0 R8(17)[30] R9 RA0 RA8(17)[30] RA9 RB0 RB8(17)[30] RB9 RC0 RC8(17)[30] RC9 RD0 RD8(17)[30] RD9 RE0 RE8(17)[30] RE9 RF0 RF8(17)[30] RF9 RG0 RG8(17)[30] RG9 RH0 RH8(17)[30] RH9 RI0 RI8(17)[30] RI9 RJ0 RJ8(17)[30] RJ9 RK0 RK8(17)[30] RK9 RL0 RL8(17)[30] RL9 RM0 RM8(17)[30] RM9 RN0 RN8(17)[30] RN9 RO0 RO8(17)[30] RO9 RP0 RP8(17)[30] RP9 RQ0 RQ8(17)[30] RQ9 RR0 RR8(17)[30] RR9 RS0 RS8(17)[30] RS9 RT0 RT8(17)[30] RT9 RU0 RU8(17)[30] RU9 RV0 RV8(17)[30] RV9 RW0 RW8(17)[30] RW9 RX0 RX8(17)[30] RX9 RY0 RY8(17)[30] RY9 RZ0 RZ8(17)[30] RZ9 U0 U8(17)[30] U9 UA0 UA8(17)[30] UA9 UB0 UB8(17)[30] UB9 UC0 UC8(17)[30] UC9 UD0 UD8(17)[30] UD9 UE0 UE8(17)[30] UE9 UF0 UF8(17)[30] UF9 UG0 UG8(17)[30] UG9 UH0 UH8(17)[30] UH9 UI0 UI8(17)[30] UI9 R0T(18)[32] R8H(18)[31] R8I(18)[31] R8O(18)[31] R8P(18)[31] R8S(16)[30] R8T(16)[30] R8U(18)[31] R8V(18)[31] R8W(16)[30] R8Y(18)[31] R8Z(18)[31] R9I(18)[31] R9M(17)[30] R9P(18)[31] R9S(16) R9T(16) R9V(18)[31] R9W(16) RA0T(18)[32] RA8H(18)[31] RA8I(18)[31] RA8O(18)[31] RA8P(18)[31] RA8S(16)[30] RA8T(16)[30] RA8U(18)[31] RA8V(18)[31] RA8W(16)[30] RA8Y(18)[31] RA8Z(18)[31] RA9I(18)[31] RA9M(17)[30] RA9P(18)[31] RA9S(16) RA9T(16) RA9V(18)[31] RA9W(16) RC0T(18)[32] RC8H(18)[31] RC8I(18)[31] RC8O(18)[31] RC8P(18)[31] RC8S(16)[30] RC8T(16)[30] RC8U(18)[31] RC8V(18)[31] RC8W(16)[30] RC8Y(18)[31] RC8Z(18)[31] RC9I(18)[31] RC9M(17)[30] RC9P(18)[31] RC9S(16) RC9T(16) RC9V(18)[31] RC9W(16) RD0T(18)[32] RD8H(18)[31] RD8I(18)[31] RD8O(18)[31] RD8P(18)[31] RD8S(16)[30] RD8T(16)[30] RD8U(18)[31] RD8V(18)[31] RD8W(16)[30] RD8Y(18)[31] RD8Z(18)[31] RD9I(18)[31] RD9M(17)[30] RD9P(18)[31] RD9S(16) RD9T(16) RD9V(18)[31] RD9W(16) RF0T(18)[32] RF8H(18)[31] RF8I(18)[31] RF8O(18)[31] RF8P(18)[31] RF8S(16)[30] RF8T(16)[30] RF8U(18)[31] RF8V(18)[31] RF8W(16)[30] RF8Y(18)[31] RF8Z(18)[31] RF9I(18)[31] RF9M(17)[30] RF9P(18)[31] RF9S(16) RF9T(16) RF9V(18)[31] RF9W(16) RG0T(18)[32] RG8H(18)[31] RG8I(18)[31] RG8O(18)[31] RG8P(18)[31] RG8S(16)[30] RG8T(16)[30] RG8U(18)[31] RG8V(18)[31] RG8W(16)[30] RG8Y(18)[31] RG8Z(18)[31] RG9I(18)[31] RG9M(17)[30] RG9P(18)[31] RG9S(16) RG9T(16) RG9V(18)[31] RG9W(16) RI0T(18)[32] RI8H(18)[31] RI8I(18)[31] RI8O(18)[31] RI8P(18)[31] RI8S(16)[30] RI8T(16)[30] RI8U(18)[31] RI8V(18)[31] RI8W(16)[30] RI8Y(18)[31] RI8Z(18)[31] RI9I(18)[31] RI9M(17)[30] RI9P(18)[31] RI9S(16) RI9T(16) RI9V(18)[31] RI9W(16) RJ0T(18)[32] RJ8H(18)[31] RJ8I(18)[31] RJ8O(18)[31] RJ8P(18)[31] RJ8S(16)[30] RJ8T(16)[30] RJ8U(18)[31] RJ8V(18)[31] RJ8W(16)[30] RJ8Y(18)[31] RJ8Z(18)[31] RJ9I(18)[31] RJ9M(17)[30] RJ9P(18)[31] RJ9S(16) RJ9T(16) RJ9V(18)[31] RJ9W(16) RK0T(18)[32] RK8H(18)[31] RK8I(18)[31] RK8O(18)[31] RK8P(18)[31] RK8S(16)[30] RK8T(16)[30] RK8U(18)[31] RK8V(18)[31] RK8W(16)[30] RK8Y(18)[31] RK8Z(18)[31] RK9I(18)[31] RK9M(17)[30] RK9P(18)[31] RK9S(16) RK9T(16) RK9V(18)[31] RK9W(16) RL0T(18)[32] RL8H(18)[31] RL8I(18)[31] RL8O(18)[31] RL8P(18)[31] RL8S(16)[30] RL8T(16)[30] RL8U(18)[31] RL8V(18)[31] RL8W(16)[30] RL8Y(18)[31] RL8Z(18)[31] RL9I(18)[31] RL9M(17)[30] RL9P(18)[31] RL9S(16) RL9T(16) RL9V(18)[31] RL9W(16) RM0T(18)[32] RM8H(18)[31] RM8I(18)[31] RM8O(18)[31] RM8P(18)[31] RM8S(16)[30] RM8T(16)[30] RM8U(18)[31] RM8V(18)[31] RM8W(16)[30] RM8Y(18)[31] RM8Z(18)[31] RM9I(18)[31] RM9M(17)[30] RM9P(18)[31] RM9S(16) RM9T(16) RM9V(18)[31] RM9W(16) RN0T(18)[32] RN8H(18)[31] RN8I(18)[31] RN8O(18)[31] RN8P(18)[31] RN8S(16)[30] RN8T(16)[30] RN8U(18)[31] RN8V(18)[31] RN8W(16)[30] RN8Y(18)[31] RN8Z(18)[31] RN9I(18)[31] RN9M(17)[30] RN9P(18)[31] RN9S(16) RN9T(16) RN9V(18)[31] RN9W(16) RO0T(18)[32] RO8H(18)[31] RO8I(18)[31] RO8O(18)[31] RO8P(18)[31] RO8S(16)[30] RO8T(16)[30] RO8U(18)[31] RO8V(18)[31] RO8W(16)[30] RO8Y(18)[31] RO8Z(18)[31] RO9I(18)[31] RO9M(17)[30] RO9P(18)[31] RO9S(16) RO9T(16) RO9V(18)[31] RO9W(16) RP0T(18)[32] RP8H(18)[31] RP8I(18)[31] RP8O(18)[31] RP8P(18)[31] RP8S(16)[30] RP8T(16)[30] RP8U(18)[31] RP8V(18)[31] RP8W(16)[30] RP8Y(18)[31] RP8Z(18)[31] RP9I(18)[31] RP9M(17)[30] RP9P(18)[31] RP9S(16) RP9T(16) RP9V(18)[31] RP9W(16) RQ0T(18)[32] RQ8H(18)[31] RQ8I(18)[31] RQ8O(18)[31] RQ8P(18)[31] RQ8S(16)[30] RQ8T(16)[30] RQ8U(18)[31] RQ8V(18)[31] RQ8W(16)[30] RQ8Y(18)[31] RQ8Z(18)[31] RQ9I(18)[31] RQ9M(17)[30] RQ9P(18)[31] RQ9S(16) RQ9T(16) RQ9V(18)[31] RQ9W(16) RR0T(18)[32] RR8H(18)[31] RR8I(18)[31] RR8O(18)[31] RR8P(18)[31] RR8S(16)[30] RR8T(16)[30] RR8U(18)[31] RR8V(18)[31] RR8W(16)[30] RR8Y(18)[31] RR8Z(18)[31] RR9I(18)[31] RR9M(17)[30] RR9P(18)[31] RR9S(16) RR9T(16) RR9V(18)[31] RR9W(16) RT0T(18)[32] RT8H(18)[31] RT8I(18)[31] RT8O(18)[31] RT8P(18)[31] RT8S(16)[30] RT8T(16)[30] RT8U(18)[31] RT8V(18)[31] RT8W(16)[30] RT8Y(18)[31] RT8Z(18)[31] RT9I(18)[31] RT9M(17)[30] RT9P(18)[31] RT9S(16) RT9T(16) RT9V(18)[31] RT9W(16) RU0T(18)[32] RU8H(18)[31] RU8I(18)[31] RU8O(18)[31] RU8P(18)[31] RU8S(16)[30] RU8T(16)[30] RU8U(18)[31] RU8V(18)[31] RU8W(16)[30] RU8Y(18)[31] RU8Z(18)[31] RU9I(18)[31] RU9M(17)[30] RU9P(18)[31] RU9S(16) RU9T(16) RU9V(18)[31] RU9W(16) RV0T(18)[32] RV8H(18)[31] RV8I(18)[31] RV8O(18)[31] RV8P(18)[31] RV8S(16)[30] RV8T(16)[30] RV8U(18)[31] RV8V(18)[31] RV8W(16)[30] RV8Y(18)[31] RV8Z(18)[31] RV9I(18)[31] RV9M(17)[30] RV9P(18)[31] RV9S(16) RV9T(16) RV9V(18)[31] RV9W(16) RW0T(18)[32] RW8H(18)[31] RW8I(18)[31] RW8O(18)[31] RW8P(18)[31] RW8S(16)[30] RW8T(16)[30] RW8U(18)[31] RW8V(18)[31] RW8W(16)[30] RW8Y(18)[31] RW8Z(18)[31] RW9I(18)[31] RW9M(17)[30] RW9P(18)[31] RW9S(16) RW9T(16) RW9V(18)[31] RW9W(16) RX0T(18)[32] RX8H(18)[31] RX8I(18)[31] RX8O(18)[31] RX8P(18)[31] RX8S(16)[30] RX8T(16)[30] RX8U(18)[31] RX8V(18)[31] RX8W(16)[30] RX8Y(18)[31] RX8Z(18)[31] RX9I(18)[31] RX9M(17)[30] RX9P(18)[31] RX9S(16) RX9T(16) RX9V(18)[31] RX9W(16) RY0T(18)[32] RY8H(18)[31] RY8I(18)[31] RY8O(18)[31] RY8P(18)[31] RY8S(16)[30] RY8T(16)[30] RY8U(18)[31] RY8V(18)[31] RY8W(16)[30] RY8Y(18)[31] RY8Z(18)[31] RY9I(18)[31] RY9M(17)[30] RY9P(18)[31] RY9S(16) RY9T(16) RY9V(18)[31] RY9W(16) RZ0T(18)[32] RZ8H(18)[31] RZ8I(18)[31] RZ8O(18)[31] RZ8P(18)[31] RZ8S(16)[30] RZ8T(16)[30] RZ8U(18)[31] RZ8V(18)[31] RZ8W(16)[30] RZ8Y(18)[31] RZ8Z(18)[31] RZ9I(18)[31] RZ9M(17)[30] RZ9P(18)[31] RZ9S(16) RZ9T(16) RZ9V(18)[31] RZ9W(16) U0T(18)[32] U8H(18)[31] U8I(18)[31] U8O(18)[31] U8P(18)[31] U8S(16)[30] U8T(16)[30] U8U(18)[31] U8V(18)[31] U8W(16)[30] U8Y(18)[31] U8Z(18)[31] U9I(18)[31] U9M(17)[30] U9P(18)[31] U9S(16) U9T(16) U9V(18)[31] U9W(16) UA0T(18)[32] UA8H(18)[31] UA8I(18)[31] UA8O(18)[31] UA8P(18)[31] UA8S(16)[30] UA8T(16)[30] UA8U(18)[31] UA8V(18)[31] UA8W(16)[30] UA8Y(18)[31] UA8Z(18)[31] UA9I(18)[31] UA9M(17)[30] UA9P(18)[31] UA9S(16) UA9T(16) UA9V(18)[31] UA9W(16) UB0T(18)[32] UB8H(18)[31] UB8I(18)[31] UB8O(18)[31] UB8P(18)[31] UB8S(16)[30] UB8T(16)[30] UB8U(18)[31] UB8V(18)[31] UB8W(16)[30] UB8Y(18)[31] UB8Z(18)[31] UB9I(18)[31] UB9M(17)[30] UB9P(18)[31] UB9S(16) UB9T(16) UB9V(18)[31] UB9W(16) UC0T(18)[32] UC8H(18)[31] UC8I(18)[31] UC8O(18)[31] UC8P(18)[31] UC8S(16)[30] UC8T(16)[30] UC8U(18)[31] UC8V(18)[31] UC8W(16)[30] UC8Y(18)[31] UC8Z(18)[31] UC9I(18)[31] UC9M(17)[30] UC9P(18)[31] UC9S(16) UC9T(16) UC9V(18)[31] UC9W(16) UD0T(18)[32] UD8H(18)[31] UD8I(18)[31] UD8O(18)[31] UD8P(18)[31] UD8S(16)[30] UD8T(16)[30] UD8U(18)[31] UD8V(18)[31] UD8W(16)[30] UD8Y(18)[31] UD8Z(18)[31] UD9I(18)[31] UD9M(17)[30] UD9P(18)[31] UD9S(16) UD9T(16) UD9V(18)[31] UD9W(16) UE0T(18)[32] UE8H(18)[31] UE8I(18)[31] UE8O(18)[31] UE8P(18)[31] UE8S(16)[30] UE8T(16)[30] UE8U(18)[31] UE8V(18)[31] UE8W(16)[30] UE8Y(18)[31] UE8Z(18)[31] UE9I(18)[31] UE9M(17)[30] UE9P(18)[31] UE9S(16) UE9T(16) UE9V(18)[31] UE9W(16) UF0T(18)[32] UF8H(18)[31] UF8I(18)[31] UF8O(18)[31] UF8P(18)[31] UF8S(16)[30] UF8T(16)[30] UF8U(18)[31] UF8V(18)[31] UF8W(16)[30] UF8Y(18)[31] UF8Z(18)[31] UF9I(18)[31] UF9M(17)[30] UF9P(18)[31] UF9S(16) UF9T(16) UF9V(18)[31] UF9W(16) UG0T(18)[32] UG8H(18)[31] UG8I(18)[31] UG8O(18)[31] UG8P(18)[31] UG8S(16)[30] UG8T(16)[30] UG8U(18)[31] UG8V(18)[31] UG8W(16)[30] UG8Y(18)[31] UG8Z(18)[31] UG9I(18)[31] UG9M(17)[30] UG9P(18)[31] UG9S(16) UG9T(16) UG9V(18)[31] UG9W(16) UH0T(18)[32] UH8H(18)[31] UH8I(18)[31] UH8O(18)[31] UH8P(18)[31] UH8S(16)[30] UH8T(16)[30] UH8U(18)[31] UH8V(18)[31] UH8W(16)[30] UH8Y(18)[31] UH8Z(18)[31] UH9I(18)[31] UH9M(17)[30] UH9P(18)[31] UH9S(16) UH9T(16) UH9V(18)[31] UH9W(16) UI0T(18)[32] UI8H(18)[31] UI8I(18)[31] UI8O(18)[31] UI8P(18)[31] UI8S(16)[30] UI8T(16)[30] UI8U(18)[31] UI8V(18)[31] UI8W(16)[30] UI8Y(18)[31] UI8Z(18)[31] UI9I(18)[31] UI9M(17)[30] UI9P(18)[31] UI9S(16) UI9T(16) UI9V(18)[31] UI9W(16) =RA77VV(18)[32] =RN9O/8(17)[30] =RT77VV(18)[31] =RV3DSA/0(19)[34] =UA9UAX/9(18)[31];
UK,Uzbekistan,292,AS,17,30,41.40,-63.97,-5.0,UJ UK UL UM;
UN,Kazakhstan,130,AS,17,30,48.17,-65.18,-5.0,UN UO UP UQ UN0F[31] UN0G[31] UN0J[31] UN0Q[31] UN1F[31] UN1G[31] UN1J[31] UN1Q[31] UN2F[31] UN2G[31] UN2J[31] UN2Q[31] UN3F[31] UN3G[31] UN3J[31] UN3Q[31] UN4F[31] UN4G[31] UN4J[31] UN4Q[31] UN5F[31] UN5G[31] UN5J[31] UN5Q[31] UN6F[31] UN6G[31] UN6J[31] UN6Q[31] UN7F[31] UN7G[31] UN7J[31] UN7Q[31] UN8F[31] UN8G[31] UN8J[31] UN8Q[31] UN9F[31] UN9G[31] UN9J[31] UN9Q[31] UO0F[31] UO0G[31] UO0J[31] UO0Q[31] UO1F[31] UO1G[31] UO1J[31] UO1Q[31] UO2F[31] UO2G[31] UO2J[31] UO2Q[31] UO3F[31] UO3G[31] UO3J[31] UO3Q[31] UO4F[31] UO4G[31] UO4J[31] UO4Q[31] UO5F[31] UO5G[31] UO5J[31] UO5Q[31] UO6F[31] UO6G[31] UO6J[31] UO6Q[31] UO7F[31] UO7G[31] UO7J[31] UO7Q[31] UO8F[31] UO8G[31] UO8J[31] UO8Q[31] UO9F[31] UO9G[31] UO9J[31] UO9Q[31] UP0F[31] UP0G[31] UP0J[31] UP0Q[31] UP1F[31] UP1G[31] UP1J[31] UP1Q[31] UP2F[31] UP2G[31] UP2J[31] UP2Q[31] UP3F[31] UP3G[31] UP3J[31] UP3Q[31] UP4F[31] UP4G[31] UP4J[31] UP4Q[31] UP5F[31] UP5G[31] UP5J[31] UP5Q[31] UP6F[31] UP6G[31] UP6J[31] UP6Q[31] UP7F[31] UP7G[31] UP7J[31] UP7Q[31] UP8F[31] UP8G[31] UP8J[31] UP8Q[31] UP9F[31] UP9G[31] UP9J[31] UP9Q[31] UQ0F[31] UQ0G[31] UQ0J[31] UQ0Q[31] UQ1F[31] UQ1G[31] UQ1J[31] UQ1Q[31] UQ2F[31] UQ2G[31] UQ2J[31] UQ2Q[31] UQ3F[31] UQ3G[31] UQ3J[31] UQ3Q[31] UQ4F[31] UQ4G[31] UQ4J[31] UQ4Q[31] UQ5F[31] UQ5G[31] UQ5J[31] UQ5Q[31] UQ6F[31] UQ6G[31] UQ6J[31] UQ6Q[31] UQ7F[31] UQ7G[31] UQ7J[31] UQ7Q[31] UQ8F[31] UQ8G[31] UQ8J[31] UQ8Q[31] UQ9F[31] UQ9G[31] UQ9J[31] UQ9Q[31];
UR,Ukraine,288,EU,16,29,50.00,-30.00,-2.0,EM EN EO U5 UR US UT UU UV UW UX UY UZ =UT1KY/WAP;
V2,Antigua & Barbuda,94,NA,8,11,17.07,61.80,4.0,V2;
V3,Belize,66,NA,7,11,16.97,88.67,6.0,V3;
V4,St. Kitts & Nevis,249,NA,8,11,17.37,62.78,4.0,V4;
V5,Namibia,464,AF,38,57,-22.00,-17.00,-1.0,V5;
V6,Micronesia,173,OC,27,65,6.88,-158.20,-10.0,V6;
V7,Marshall Islands,168,OC,31,65,9.08,-167.33,-12.0,V7;
V8,Brunei Darussalam,345,OC,28,54,4.50,-114.60,-8.0,V8;
VE,Canada,1,NA,5,9,44.35,78.75,5.0,CF CG CJ CK VA VB VC VE VG VX XL XM CF2[4] CG2[4] CH1 CH2(2) CI0(2)[4] CI1(1)[2] CI2 CJ2[4] CK2[4] CY1 CY2(2) CZ0(2)[4] CZ1(1)[2] CZ2 VA2[4] VB2[4] VC2[4] VD1 VD2(2) VE2[4] VF0(2)[4] VF1(1)[2] VF2 VG2[4] VO1 VO2(2) VX2[4] VY0(2)[4] VY1(1)[2] VY2 XJ1 XJ2(2) XK0(2)[4] XK1(1)[2] XK2 XL2[4] XM2[4] XN1 XN2(2) XO0(2)[4] XO1(1)[2] XO2 =VER20150304 =VA2PL(2)[4] =VE2CSI(2)[4] =VE2EKA(2)[4] =VE2ENB(2)[4] =VE2EW(2)[4] =VE2FK[9] =VE2GSO(2)[4] =VE2IM(2)[4] =VY0PW(4)[3];
VK,Australia,150,OC,30,59,-23.70,-132.33,-10.0,AX VH VI VJ VK VL VM VN VZ AX4[55] VH4[55] VI4[55] VJ4[55] VK4[55] VL4[55] VM4[55] VN4[55] VZ4[55];
VK0H,Heard Island,111,AF,39,68,-53.08,-73.50,-5.0,=VK0IR;
VK0M,Macquarie Island,153,OC,30,60,-54.60,-158.88,-10.0,=AX/VK0TH;
VK9C,Cocos (Keeling) Islands,38,OC,29,54,-12.15,-96.82,-6.5,AX9C AX9Y VH9C VH9Y VI9C VI9Y VJ9C VJ9Y VK9C VK9Y VL9C VL9Y VM9C VM9Y VN9C VN9Y VZ9C VZ9Y;
VK9L,Lord Howe Island,147,OC,30,60,-31.55,-159.08,-10.5,AX9L VH9L VI9L VJ9L VK9L VL9L VM9L VN9L VZ9L;
VK9M,Mellish Reef,171,OC,30,56,-17.40,-155.85,-10.0,AX9M VH9M VI9M VJ9M VK9M VL9M VM9M VN9M VZ9M;
VK9N,Norfolk Island,189,OC,32,60,-29.03,-167.93,-11.5,AX9 VH9 VI9 VJ9 VK9 VL9 VM9 VN9 VZ9;
VK9W,Willis Island,303,OC,30,55,-16.22,-150.02,-10.0,AX9W AX9Z VH9W VH9Z VI9W VI9Z VJ9W VJ9Z VK9W VK9Z VL9W VL9Z VM9W VM9Z VN9W VN9Z VZ9W VZ9Z;
VK9X,Christmas Island,35,OC,29,54,-10.48,-105.63,-7.0,AX9X VH9X VI9X VJ9X VK9X VL9X VM9X VN9X VZ9X;
VP2E,Anguilla,12,NA,8,11,18.23,63.00,4.0,VP2E;
VP2M,Montserrat,96,NA,8,11,16.75,62.18,4.0,VP2M;
VP2V,British Virgin Islands,65,NA,8,11,18.33,64.75,4.0,VP2V;
VP5,Turks & Caicos Islands,89,NA,8,11,21.77,71.75,5.0,VP5 VQ5;
VP6,Pitcairn Island,172,OC,32,63,-25.07,130.10,8.0,VP6;
VP6/d,Ducie Island,513,OC,32,63,-24.70,124.80,8.0,=VP6DX;
VP8,Falkland Islands,141,SA,13,16,-51.63,58.72,4.0,VP8;
VP8/g,South Georgia Island,235,SA,13,73,-54.48,37.08,2.0,=VP8DOZ =VP8SGK;
VP8/h,South Shetland Islands,241,SA,13,73,-62.08,58.67,4.0,CE9 XR9 =CV0A =HF0POL =RI1ANA =RI1ANF =RI1ANU =RI59ANT;
VP8/o,South Orkney Islands,238,SA,13,73,-60.60,45.55,3.0,=LU1ZA;
VP8/s,South Sandwich Islands,240,SA,13,73,-58.43,26.33,2.0,=VP8THU;
VP9,Bermuda,64,NA,5,11,32.32,64.73,4.0,VP9;
VQ9,Chagos Islands,33,AF,39,41,-7.32,-72.42,-6.0,VQ9;
VR,Hong Kong,321,AS,24,44,22.28,-114.18,-8.0,VR;
VU,India,324,AS,22,41,22.50,-77.58,-5.5,8T 8U 8V 8W 8X 8Y AT AU AV AW VT VU VV VW;
VU4,Andaman & Nicobar Is.,11,AS,26,49,12.37,-92.78,-5.5,VU4;
VU7,Lakshadweep Islands,142,AS,22,41,11.23,-72.78,-5.5,VU7;
XE,Mexico,50,NA,6,10,21.32,100.23,6.0,4A 4B 4C 6D 6E 6F 6G 6H 6I 6J XA XB XC XD XE XF XG XH XI;
XF4,Revillagigedo,204,NA,6,10,18.77,110.97,7.0,4A4 4B4 4C4 6D4 6E4 6F4 6G4 6H4 6I4 6J4 XA4 XB4 XC4 XD4 XE4 XF0 XF4 XG4 XH4 XI4;
XT,Burkina Faso,480,AF,35,46,12.00,2.00,0.0,XT;
XU,Cambodia,312,AS,26,49,12.93,-105.13,-7.0,XU;
XW,Laos,143,AS,26,49,18.20,-104.55,-7.0,XW;
XX9,Macao,152,AS,24,44,22.10,-113.50,-8.0,XX9;
XZ,Myanmar,309,AS,26,49,20.00,-96.37,-6.5,XY XZ;
YA,Afghanistan,3,AS,21,40,34.70,-65.80,-4.5,T6 YA;
YB,Indonesia,327,OC,28,51,-7.30,-109.88,-7.0,7A 7B 7C 7D 7E 7F 7G 7H 7I 8A 8B 8C 8D 8E 8F 8G 8H 8I JZ PK PL PM PN PO YB YC YD YE YF YG YH YB0[54] YB1[54] YB2[54] YB3[54] YB4[54] YB5[54] YB6[54] YB7[54] YB8[54] YC0[54] YC1[54] YC2[54] YC3[54] YC4[54] YC5[54] YC6[54] YC7[54] YC8[54] YD0[54] YD1[54] YD2[54] YD3[54] YD4[54] YD5[54] YD6[54] YD7[54] YD8[54] YE0[54] YE1[54] YE2[54] YE3[54] YE4[54] YE5[54] YE6[54] YE7[54] YE8[54] YF0[54] YF1[54] YF2[54] YF3[54] YF4[54] YF5[54] YF6[54] YF7[54] YF8[54] YG0[54] YG1[54] YG2[54] YG3[54] YG4[54] YG5[54] YG6[54] YG7[54] YG8[54] YH0[54] YH1[54] YH2[54] YH3[54] YH4[54] YH5[54] YH6[54] YH7[54] YH8[54];
YI,Iraq,333,AS,21,39,33.92,-42.78,-3.0,HN YI;
YJ,Vanuatu,158,OC,32,56,-17.67,-168.38,-11.0,YJ;
YK,Syria,384,AS,20,39,35.38,-38.20,-2.0,6C YK;
YL,Latvia,145,EU,15,29,57.03,-24.65,-2.0,YL;
YN,Nicaragua,86,NA,7,11,12.88,85.05,6.0,H6 H7 HT YN;
YO,Romania,275,EU,20,28,45.78,-24.70,-2.0,YO YP YQ YR;
YS,El Salvador,74,NA,7,11,14.00,89.00,6.0,HU YS;
YU,Serbia,296,EU,15,28,44.00,-21.00,-1.0,YT YU;
YV,Venezuela,148,SA,9,12,8.00,66.00,4.5,4M YV YW YX YY;
YV0,Aves Island,17,NA,8,11,15.67,63.60,4.0,4M0 YV0 YW0 YX0 YY0;
Z2,Zimbabwe,452,AF,38,53,-18.00,-31.00,-2.0,Z2;
Z3,Macedonia,502,EU,15,28,41.60,-21.65,-1.0,Z3;
*Z6,Kosovo,296,EU,15,28,42.67,-21.17,-1.0,Z6;
Z8,Republic of South Sudan,521,AF,34,48,4.85,-31.60,-3.0,Z8;
ZA,Albania,7,EU,15,28,41.00,-20.00,-1.0,ZA;
ZB,Gibraltar,233,EU,14,37,36.15,5.37,-1.0,ZB ZG;
ZC4,UK Base Areas on Cyprus,283,AS,20,39,35.32,-33.57,-2.0,ZC4;
ZD7,St. Helena,250,AF,36,66,-15.97,5.72,0.0,ZD7;
ZD8,Ascension Island,205,AF,36,66,-7.93,14.37,0.0,ZD8;
ZD9,Tristan da Cunha & Gough Islands,274,AF,38,66,-37.13,12.30,0.0,ZD9;
ZF,Cayman Islands,69,NA,8,11,19.32,81.22,5.0,ZF;
ZK3,Tokelau Islands,270,OC,31,62,-9.40,171.20,-13.0,ZK3;
ZL,New Zealand,170,OC,32,60,-41.83,-173.27,-12.0,ZK ZL ZL50 ZM;
ZL7,Chatham Islands,34,OC,32,60,-43.85,176.48,-12.75,ZL7 ZM7;
ZL8,Kermadec Islands,133,OC,32,60,-29.25,177.92,-12.0,ZL8 ZM8;
ZL9,Auckland & Campbell Is.,16,OC,32,60,-51.62,-167.62,-12.0,ZL9 ZM9;
ZP,Paraguay,132,SA,11,14,-25.27,57.67,4.0,ZP;
ZS,South Africa,462,AF,38,57,-29.07,-22.63,-2.0,H5 S4 S8 V9 ZR ZS ZT ZU;
ZS8,Pr. Edward & Marion Is.,201,AF,38,57,-46.88,-37.72,-3.0,ZR8 ZS8 ZT8 ZU8;
